municipality,year,num_households,median_income
Aa en Hunze,2012,11.1,24.3
Aa en Hunze,2013,11.1,24.5
Aa en Hunze,2014,10.9,25.6
Aa en Hunze,2015,10.8,26.1
Aa en Hunze,2016,10.9,27.2
Aa en Hunze,2017,11.0,27.7
Aa en Hunze,2018,11.0,28.0
Aa en Hunze,2019,11.1,29.4
Aa en Hunze,2020,11.1,30.8
Aa en Hunze,2021,11.2,32.4
Aalsmeer,2012,12.3,26.4
Aalsmeer,2013,12.3,26.7
Aalsmeer,2014,12.4,27.3
Aalsmeer,2015,12.6,27.8
Aalsmeer,2016,12.7,28.9
Aalsmeer,2017,12.9,29.5
Aalsmeer,2018,12.9,30.1
Aalsmeer,2019,13.0,31.6
Aalsmeer,2020,13.1,32.7
Aalsmeer,2021,13.2,34.0
Aalten,2012,11.1,22.7
Aalten,2013,11.2,22.9
Aalten,2014,11.2,23.6
Aalten,2015,11.1,24.1
Aalten,2016,11.2,25.1
Aalten,2017,11.3,25.8
Aalten,2018,11.3,26.3
Aalten,2019,11.4,27.4
Aalten,2020,11.5,28.6
Aalten,2021,11.5,30.0
Achtkarspelen,2012,11.4,21.0
Achtkarspelen,2013,11.5,21.1
Achtkarspelen,2014,11.5,21.6
Achtkarspelen,2015,11.6,22.0
Achtkarspelen,2016,11.6,23.0
Achtkarspelen,2017,11.6,23.6
Achtkarspelen,2018,11.6,24.0
Achtkarspelen,2019,11.7,25.3
Achtkarspelen,2020,11.7,26.3
Achtkarspelen,2021,11.8,27.4
Alblasserdam,2012,7.8,23.3
Alblasserdam,2013,7.9,23.5
Alblasserdam,2014,8.0,24.3
Alblasserdam,2015,8.0,24.6
Alblasserdam,2016,8.0,25.4
Alblasserdam,2017,8.1,25.9
Alblasserdam,2018,8.1,26.4
Alblasserdam,2019,8.1,27.7
Alblasserdam,2020,8.2,28.9
Alblasserdam,2021,8.2,30.2
Albrandswaard,2012,9.8,28.1
Albrandswaard,2013,9.9,28.3
Albrandswaard,2014,9.9,29.0
Albrandswaard,2015,10.0,29.4
Albrandswaard,2016,10.0,30.4
Albrandswaard,2017,10.1,31.3
Albrandswaard,2018,10.1,31.8
Albrandswaard,2019,10.2,33.2
Albrandswaard,2020,10.5,34.4
Albrandswaard,2021,10.3,36.2
Alkmaar,2012,49.0,23.5
Alkmaar,2013,49.3,23.7
Alkmaar,2014,49.5,24.4
Alkmaar,2015,49.7,24.9
Alkmaar,2016,50.1,25.8
Alkmaar,2017,50.6,26.4
Alkmaar,2018,51.0,26.7
Alkmaar,2019,51.4,28.0
Alkmaar,2020,51.9,29.1
Alkmaar,2021,52.4,30.4
Almelo,2012,31.4,20.9
Almelo,2013,31.6,21.0
Almelo,2014,31.3,21.6
Almelo,2015,31.3,21.9
Almelo,2016,31.6,22.6
Almelo,2017,31.9,23.2
Almelo,2018,32.1,23.6
Almelo,2019,32.6,24.6
Almelo,2020,32.6,25.7
Almelo,2021,32.8,26.8
Almere,2012,78.9,23.4
Almere,2013,79.8,23.7
Almere,2014,80.2,24.4
Almere,2015,81.0,24.9
Almere,2016,81.8,25.9
Almere,2017,83.4,26.6
Almere,2018,84.9,27.2
Almere,2019,86.8,28.5
Almere,2020,88.7,29.6
Almere,2021,89.8,31.1
Alphen aan den Rijn,2012,44.7,25.2
Alphen aan den Rijn,2013,45.0,25.4
Alphen aan den Rijn,2014,45.1,26.1
Alphen aan den Rijn,2015,45.6,26.5
Alphen aan den Rijn,2016,45.9,27.5
Alphen aan den Rijn,2017,46.6,28.2
Alphen aan den Rijn,2018,47.1,28.6
Alphen aan den Rijn,2019,48.1,29.9
Alphen aan den Rijn,2020,48.5,31.2
Alphen aan den Rijn,2021,48.9,32.6
Alphen-Chaam,2012,3.8,26.5
Alphen-Chaam,2013,3.8,26.7
Alphen-Chaam,2014,3.9,27.4
Alphen-Chaam,2015,3.9,27.9
Alphen-Chaam,2016,4.0,29.1
Alphen-Chaam,2017,4.1,29.5
Alphen-Chaam,2018,4.1,29.9
Alphen-Chaam,2019,4.1,31.5
Alphen-Chaam,2020,4.2,32.5
Alphen-Chaam,2021,4.3,34.4
Ameland,2012,1.5,22.2
Ameland,2013,1.6,22.6
Ameland,2014,1.6,23.2
Ameland,2015,1.6,23.8
Ameland,2016,1.6,24.5
Ameland,2017,1.6,25.3
Ameland,2018,1.7,25.3
Ameland,2019,1.7,26.6
Ameland,2020,1.7,27.5
Ameland,2021,1.7,28.7
Amersfoort,2012,63.8,24.5
Amersfoort,2013,64.4,24.7
Amersfoort,2014,64.9,25.5
Amersfoort,2015,65.7,26.0
Amersfoort,2016,66.3,27.1
Amersfoort,2017,66.9,27.8
Amersfoort,2018,67.5,28.4
Amersfoort,2019,68.3,29.8
Amersfoort,2020,69.0,31.1
Amersfoort,2021,69.4,32.6
Amstelveen,2012,39.2,25.8
Amstelveen,2013,39.8,25.7
Amstelveen,2014,39.9,26.4
Amstelveen,2015,41.0,26.6
Amstelveen,2016,41.5,27.5
Amstelveen,2017,41.6,27.9
Amstelveen,2018,41.7,28.2
Amstelveen,2019,42.2,29.5
Amstelveen,2020,42.3,30.4
Amstelveen,2021,42.0,31.8
Amsterdam,2012,428.9,20.1
Amsterdam,2013,433.1,20.2
Amsterdam,2014,438.1,20.9
Amsterdam,2015,446.1,21.3
Amsterdam,2016,452.7,22.3
Amsterdam,2017,457.8,23.1
Amsterdam,2018,463.3,23.8
Amsterdam,2019,466.4,25.3
Amsterdam,2020,470.6,26.3
Amsterdam,2021,470.9,27.6
Apeldoorn,2012,67.4,23.7
Apeldoorn,2013,68.0,23.9
Apeldoorn,2014,68.6,24.6
Apeldoorn,2015,69.3,24.9
Apeldoorn,2016,69.8,25.9
Apeldoorn,2017,70.8,26.4
Apeldoorn,2018,71.7,26.7
Apeldoorn,2019,72.4,28.0
Apeldoorn,2020,73.0,29.3
Apeldoorn,2021,73.8,30.5
Arnhem,2012,73.6,20.5
Arnhem,2013,74.0,20.5
Arnhem,2014,73.6,21.1
Arnhem,2015,74.5,21.4
Arnhem,2016,75.1,22.3
Arnhem,2017,76.6,22.6
Arnhem,2018,77.6,23.0
Arnhem,2019,78.8,24.2
Arnhem,2020,80.0,25.4
Arnhem,2021,80.9,26.5
Assen,2012,29.5,22.5
Assen,2013,29.6,22.7
Assen,2014,29.6,23.4
Assen,2015,29.8,23.7
Assen,2016,30.0,24.6
Assen,2017,30.4,25.1
Assen,2018,30.5,25.6
Assen,2019,30.9,26.9
Assen,2020,31.3,27.9
Assen,2021,31.6,29.0
Asten,2012,6.7,24.2
Asten,2013,6.8,24.4
Asten,2014,6.8,25.2
Asten,2015,6.9,25.5
Asten,2016,6.9,26.6
Asten,2017,7.0,27.1
Asten,2018,7.0,27.5
Asten,2019,7.1,28.7
Asten,2020,7.1,29.6
Asten,2021,7.2,31.0
Baarle-Nassau,2012,2.9,24.8
Baarle-Nassau,2013,2.9,24.9
Baarle-Nassau,2014,2.8,25.4
Baarle-Nassau,2015,2.8,25.9
Baarle-Nassau,2016,2.9,26.4
Baarle-Nassau,2017,2.9,27.1
Baarle-Nassau,2018,3.0,26.6
Baarle-Nassau,2019,3.1,28.3
Baarle-Nassau,2020,3.1,29.0
Baarle-Nassau,2021,3.0,30.9
Baarn,2012,11.0,25.2
Baarn,2013,11.0,25.6
Baarn,2014,10.7,26.6
Baarn,2015,10.9,27.0
Baarn,2016,10.9,28.2
Baarn,2017,11.0,28.6
Baarn,2018,11.0,29.2
Baarn,2019,11.0,30.6
Baarn,2020,11.1,31.6
Baarn,2021,11.1,33.0
Barendrecht,2012,18.5,27.3
Barendrecht,2013,18.7,27.5
Barendrecht,2014,18.4,28.5
Barendrecht,2015,18.5,29.1
Barendrecht,2016,18.7,30.2
Barendrecht,2017,18.9,30.8
Barendrecht,2018,19.0,31.2
Barendrecht,2019,19.2,32.8
Barendrecht,2020,19.2,34.0
Barendrecht,2021,19.3,35.4
Barneveld,2012,19.4,24.3
Barneveld,2013,19.5,24.5
Barneveld,2014,19.8,25.2
Barneveld,2015,20.2,25.6
Barneveld,2016,20.6,26.6
Barneveld,2017,21.0,27.4
Barneveld,2018,21.5,27.8
Barneveld,2019,21.8,29.2
Barneveld,2020,22.3,30.4
Barneveld,2021,22.6,31.7
Beek,2012,7.3,24.4
Beek,2013,7.3,24.8
Beek,2014,7.3,25.4
Beek,2015,7.3,25.9
Beek,2016,7.3,26.5
Beek,2017,7.3,27.3
Beek,2018,7.3,27.7
Beek,2019,7.3,28.9
Beek,2020,7.3,29.8
Beek,2021,7.3,31.0
Beesel,2012,5.8,22.8
Beesel,2013,5.8,22.9
Beesel,2014,5.8,23.7
Beesel,2015,5.8,24.0
Beesel,2016,5.8,25.0
Beesel,2017,5.8,25.7
Beesel,2018,5.8,26.0
Beesel,2019,5.9,27.1
Beesel,2020,5.9,28.3
Beesel,2021,5.9,29.3
Bergeijk,2012,7.2,25.3
Bergeijk,2013,7.3,25.5
Bergeijk,2014,7.4,26.5
Bergeijk,2015,7.4,27.0
Bergeijk,2016,7.5,28.0
Bergeijk,2017,7.7,28.7
Bergeijk,2018,7.7,29.0
Bergeijk,2019,7.8,30.7
Bergeijk,2020,7.8,31.6
Bergeijk,2021,7.9,33.2
Bergen (L.),2012,5.5,23.1
Bergen (L.),2013,5.5,23.3
Bergen (L.),2014,5.5,24.1
Bergen (L.),2015,5.5,24.4
Bergen (L.),2016,5.5,25.3
Bergen (L.),2017,5.5,26.3
Bergen (L.),2018,5.6,26.6
Bergen (L.),2019,5.6,27.8
Bergen (L.),2020,5.6,29.1
Bergen (L.),2021,5.7,30.4
Bergen (NH.),2012,13.6,26.3
Bergen (NH.),2013,13.6,26.6
Bergen (NH.),2014,13.6,27.4
Bergen (NH.),2015,13.6,27.7
Bergen (NH.),2016,13.6,28.9
Bergen (NH.),2017,13.6,29.5
Bergen (NH.),2018,13.7,30.0
Bergen (NH.),2019,13.8,31.4
Bergen (NH.),2020,13.8,32.4
Bergen (NH.),2021,13.8,33.6
Bergen op Zoom,2012,29.1,23.1
Bergen op Zoom,2013,29.2,23.2
Bergen op Zoom,2014,29.4,23.9
Bergen op Zoom,2015,29.4,24.4
Bergen op Zoom,2016,29.3,25.1
Bergen op Zoom,2017,29.3,25.7
Bergen op Zoom,2018,29.4,26.2
Bergen op Zoom,2019,29.8,27.4
Bergen op Zoom,2020,30.3,28.6
Bergen op Zoom,2021,30.4,29.7
Berkelland,2012,18.2,23.6
Berkelland,2013,18.4,23.7
Berkelland,2014,18.4,24.5
Berkelland,2015,18.5,24.7
Berkelland,2016,18.6,25.8
Berkelland,2017,18.6,26.5
Berkelland,2018,18.6,26.8
Berkelland,2019,18.8,28.1
Berkelland,2020,18.8,29.1
Berkelland,2021,18.9,30.5
Bernheze,2012,11.4,25.2
Bernheze,2013,11.5,25.4
Bernheze,2014,11.5,26.3
Bernheze,2015,11.6,26.7
Bernheze,2016,11.7,27.9
Bernheze,2017,12.0,28.5
Bernheze,2018,12.1,28.9
Bernheze,2019,12.3,30.3
Bernheze,2020,12.6,31.4
Bernheze,2021,12.7,32.7
Best,2012,11.6,25.9
Best,2013,11.6,26.3
Best,2014,11.8,26.9
Best,2015,11.9,27.5
Best,2016,12.0,28.4
Best,2017,12.2,29.2
Best,2018,12.4,29.5
Best,2019,12.6,30.9
Best,2020,12.8,31.8
Best,2021,13.0,33.3
Beuningen,2012,10.4,24.8
Beuningen,2013,10.4,25.0
Beuningen,2014,10.5,25.7
Beuningen,2015,10.6,26.1
Beuningen,2016,10.7,27.4
Beuningen,2017,10.8,28.0
Beuningen,2018,11.0,28.6
Beuningen,2019,11.1,29.8
Beuningen,2020,11.2,31.1
Beuningen,2021,11.3,32.4
Beverwijk,2012,18.1,23.0
Beverwijk,2013,18.2,23.1
Beverwijk,2014,18.1,23.9
Beverwijk,2015,18.2,24.3
Beverwijk,2016,18.4,25.1
Beverwijk,2017,18.6,25.7
Beverwijk,2018,18.8,26.3
Beverwijk,2019,18.8,27.7
Beverwijk,2020,19.0,28.9
Beverwijk,2021,19.1,30.1
De Bilt,2012,18.6,27.4
De Bilt,2013,18.7,27.4
De Bilt,2014,18.6,28.2
De Bilt,2015,18.8,28.5
De Bilt,2016,18.9,29.5
De Bilt,2017,19.1,30.1
De Bilt,2018,19.1,30.4
De Bilt,2019,19.1,31.7
De Bilt,2020,19.1,33.0
De Bilt,2021,19.2,34.5
Bladel,2012,7.9,25.2
Bladel,2013,7.9,25.4
Bladel,2014,8.1,25.9
Bladel,2015,8.2,26.4
Bladel,2016,8.3,27.3
Bladel,2017,8.4,28.0
Bladel,2018,8.5,28.5
Bladel,2019,8.5,30.0
Bladel,2020,8.6,31.2
Bladel,2021,8.7,32.7
Blaricum,2012,4.0,29.6
Blaricum,2013,4.0,29.9
Blaricum,2014,4.1,30.7
Blaricum,2015,4.2,30.7
Blaricum,2016,4.3,32.4
Blaricum,2017,4.5,32.8
Blaricum,2018,4.7,33.4
Blaricum,2019,4.8,35.0
Blaricum,2020,4.9,36.1
Blaricum,2021,5.0,37.6
Bloemendaal,2012,9.1,32.9
Bloemendaal,2013,9.3,32.8
Bloemendaal,2014,9.3,34.0
Bloemendaal,2015,9.3,34.1
Bloemendaal,2016,9.3,35.4
Bloemendaal,2017,9.5,36.1
Bloemendaal,2018,9.6,36.5
Bloemendaal,2019,9.6,38.2
Bloemendaal,2020,9.7,39.0
Bloemendaal,2021,9.7,40.8
Boekel,2012,3.7,24.8
Boekel,2013,3.7,25.1
Boekel,2014,3.7,25.9
Boekel,2015,3.8,26.4
Boekel,2016,3.9,27.5
Boekel,2017,4.0,28.4
Boekel,2018,4.0,28.7
Boekel,2019,4.1,30.3
Boekel,2020,4.2,31.4
Boekel,2021,4.3,32.7
Borger-Odoorn,2012,10.9,22.7
Borger-Odoorn,2013,11.0,23.0
Borger-Odoorn,2014,10.9,23.8
Borger-Odoorn,2015,11.0,24.2
Borger-Odoorn,2016,11.0,25.1
Borger-Odoorn,2017,11.0,25.8
Borger-Odoorn,2018,11.1,26.2
Borger-Odoorn,2019,11.1,27.4
Borger-Odoorn,2020,11.2,28.5
Borger-Odoorn,2021,11.2,29.8
Borne,2012,8.9,24.1
Borne,2013,9.0,24.3
Borne,2014,9.1,25.3
Borne,2015,9.1,25.8
Borne,2016,9.2,26.7
Borne,2017,9.5,27.5
Borne,2018,9.6,28.1
Borne,2019,9.6,29.3
Borne,2020,9.7,30.5
Borne,2021,9.8,32.0
Borsele,2012,9.2,24.5
Borsele,2013,9.3,24.7
Borsele,2014,9.3,25.4
Borsele,2015,9.3,26.0
Borsele,2016,9.3,27.0
Borsele,2017,9.4,27.3
Borsele,2018,9.5,27.8
Borsele,2019,9.5,29.2
Borsele,2020,9.5,30.7
Borsele,2021,9.6,32.2
Boxtel,2012,13.6,24.2
Boxtel,2013,13.7,24.4
Boxtel,2014,13.7,25.1
Boxtel,2015,13.9,25.4
Boxtel,2016,14.0,26.4
Boxtel,2017,14.2,26.9
Boxtel,2018,14.2,27.5
Boxtel,2019,14.4,28.5
Boxtel,2020,14.4,29.8
Boxtel,2021,14.5,31.0
Breda,2012,82.3,23.1
Breda,2013,83.4,23.3
Breda,2014,84.2,24.0
Breda,2015,85.1,24.3
Breda,2016,85.3,25.3
Breda,2017,86.0,25.9
Breda,2018,86.9,26.3
Breda,2019,87.1,27.8
Breda,2020,87.2,28.9
Breda,2021,87.5,30.3
Bronckhorst,2012,15.2,24.4
Bronckhorst,2013,15.3,24.6
Bronckhorst,2014,15.3,25.3
Bronckhorst,2015,15.3,25.8
Bronckhorst,2016,15.3,26.8
Bronckhorst,2017,15.4,27.5
Bronckhorst,2018,15.5,27.9
Bronckhorst,2019,15.5,29.3
Bronckhorst,2020,15.4,30.5
Bronckhorst,2021,15.5,31.9
Brummen,2012,9.0,24.0
Brummen,2013,9.0,24.2
Brummen,2014,9.0,24.9
Brummen,2015,9.0,25.5
Brummen,2016,9.0,26.6
Brummen,2017,9.0,27.1
Brummen,2018,9.0,27.6
Brummen,2019,9.0,28.9
Brummen,2020,9.0,30.1
Brummen,2021,9.1,31.4
Brunssum,2012,13.7,21.2
Brunssum,2013,13.6,21.5
Brunssum,2014,13.6,22.0
Brunssum,2015,13.5,22.3
Brunssum,2016,13.5,23.2
Brunssum,2017,13.6,23.7
Brunssum,2018,13.6,24.0
Brunssum,2019,13.6,25.2
Brunssum,2020,13.5,26.2
Brunssum,2021,13.6,27.1
Bunnik,2012,6.1,28.8
Bunnik,2013,6.2,29.1
Bunnik,2014,6.2,30.0
Bunnik,2015,6.2,30.7
Bunnik,2016,6.3,31.5
Bunnik,2017,6.4,32.4
Bunnik,2018,6.4,32.7
Bunnik,2019,6.4,34.3
Bunnik,2020,6.4,35.5
Bunnik,2021,6.5,37.0
Bunschoten,2012,7.4,25.0
Bunschoten,2013,7.4,25.2
Bunschoten,2014,7.7,26.0
Bunschoten,2015,7.8,26.4
Bunschoten,2016,7.8,27.5
Bunschoten,2017,7.9,28.3
Bunschoten,2018,8.0,28.8
Bunschoten,2019,8.2,30.0
Bunschoten,2020,8.3,31.5
Bunschoten,2021,8.4,32.7
Buren,2012,10.1,25.6
Buren,2013,10.2,25.7
Buren,2014,10.3,26.4
Buren,2015,10.5,26.7
Buren,2016,10.5,27.7
Buren,2017,10.7,28.6
Buren,2018,10.7,29.2
Buren,2019,10.9,30.7
Buren,2020,11.0,31.8
Buren,2021,11.2,33.4
Capelle aan den IJssel,2012,29.7,23.7
Capelle aan den IJssel,2013,29.7,23.7
Capelle aan den IJssel,2014,29.9,24.3
Capelle aan den IJssel,2015,30.2,24.4
Capelle aan den IJssel,2016,30.3,25.3
Capelle aan den IJssel,2017,30.4,25.9
Capelle aan den IJssel,2018,30.6,26.3
Capelle aan den IJssel,2019,30.8,27.6
Capelle aan den IJssel,2020,31.1,28.6
Capelle aan den IJssel,2021,31.3,29.8
Castricum,2012,14.7,27.6
Castricum,2013,14.8,27.8
Castricum,2014,14.8,28.9
Castricum,2015,14.9,29.1
Castricum,2016,15.0,30.0
Castricum,2017,15.3,30.7
Castricum,2018,15.5,31.3
Castricum,2019,15.6,32.9
Castricum,2020,15.7,33.8
Castricum,2021,15.8,35.3
Coevorden,2012,15.2,22.7
Coevorden,2013,15.2,23.0
Coevorden,2014,15.2,23.6
Coevorden,2015,15.2,23.8
Coevorden,2016,15.2,24.8
Coevorden,2017,15.3,25.4
Coevorden,2018,15.3,25.7
Coevorden,2019,15.4,27.0
Coevorden,2020,15.5,28.2
Coevorden,2021,15.5,29.5
Cranendonck,2012,8.4,24.6
Cranendonck,2013,8.4,25.0
Cranendonck,2014,8.5,25.7
Cranendonck,2015,8.6,26.1
Cranendonck,2016,8.7,26.9
Cranendonck,2017,8.7,27.7
Cranendonck,2018,8.7,28.0
Cranendonck,2019,8.8,29.1
Cranendonck,2020,8.9,30.3
Cranendonck,2021,8.8,31.7
Culemborg,2012,11.5,24.3
Culemborg,2013,11.6,24.4
Culemborg,2014,11.5,25.2
Culemborg,2015,11.6,25.7
Culemborg,2016,11.7,26.6
Culemborg,2017,11.9,27.3
Culemborg,2018,12.1,28.0
Culemborg,2019,12.3,29.4
Culemborg,2020,12.6,30.6
Culemborg,2021,12.7,32.0
Dalfsen,2012,10.7,24.7
Dalfsen,2013,10.8,25.0
Dalfsen,2014,10.9,25.7
Dalfsen,2015,10.9,26.1
Dalfsen,2016,11.1,27.2
Dalfsen,2017,11.2,28.0
Dalfsen,2018,11.2,28.5
Dalfsen,2019,11.4,29.7
Dalfsen,2020,11.6,30.7
Dalfsen,2021,11.8,32.2
Dantumadiel,2012,7.7,20.9
Dantumadiel,2013,7.7,21.2
Dantumadiel,2014,7.7,21.6
Dantumadiel,2015,7.7,22.1
Dantumadiel,2016,7.7,23.1
Dantumadiel,2017,7.7,23.5
Dantumadiel,2018,7.7,24.0
Dantumadiel,2019,7.7,25.2
Dantumadiel,2020,7.8,26.4
Dantumadiel,2021,7.8,27.4
Delft,2012,51.1,19.9
Delft,2013,51.6,19.8
Delft,2014,52.1,20.1
Delft,2015,53.0,20.1
Delft,2016,53.0,20.8
Delft,2017,53.3,21.3
Delft,2018,54.4,21.5
Delft,2019,54.9,22.6
Delft,2020,55.0,23.7
Delft,2021,55.4,24.8
Deurne,2012,12.8,23.9
Deurne,2013,12.9,24.1
Deurne,2014,12.9,24.8
Deurne,2015,13.1,25.1
Deurne,2016,13.2,26.1
Deurne,2017,13.4,26.8
Deurne,2018,13.5,27.2
Deurne,2019,13.7,28.4
Deurne,2020,13.7,29.6
Deurne,2021,13.8,31.1
Deventer,2012,43.4,22.3
Deventer,2013,43.3,22.6
Deventer,2014,43.3,23.3
Deventer,2015,43.7,23.6
Deventer,2016,44.1,24.5
Deventer,2017,44.8,24.9
Deventer,2018,45.2,25.3
Deventer,2019,45.6,26.5
Deventer,2020,46.2,27.7
Deventer,2021,46.5,29.0
Diemen,2012,11.7,23.1
Diemen,2013,11.8,23.0
Diemen,2014,12.4,23.0
Diemen,2015,13.0,22.9
Diemen,2016,13.0,24.1
Diemen,2017,13.2,24.7
Diemen,2018,13.6,25.6
Diemen,2019,14.1,27.3
Diemen,2020,14.7,28.3
Diemen,2021,15.2,30.2
Dinkelland,2012,9.7,24.8
Dinkelland,2013,9.8,25.0
Dinkelland,2014,9.8,25.8
Dinkelland,2015,9.8,26.4
Dinkelland,2016,9.9,27.5
Dinkelland,2017,10.1,28.3
Dinkelland,2018,10.1,28.8
Dinkelland,2019,10.2,30.2
Dinkelland,2020,10.3,31.4
Dinkelland,2021,10.4,33.0
Doesburg,2012,5.1,21.7
Doesburg,2013,5.1,21.5
Doesburg,2014,5.1,22.3
Doesburg,2015,5.1,22.4
Doesburg,2016,5.2,23.5
Doesburg,2017,5.2,24.1
Doesburg,2018,5.3,24.8
Doesburg,2019,5.2,26.0
Doesburg,2020,5.2,26.9
Doesburg,2021,5.2,28.2
Doetinchem,2012,24.3,22.8
Doetinchem,2013,24.5,22.9
Doetinchem,2014,24.4,23.6
Doetinchem,2015,24.7,24.0
Doetinchem,2016,24.8,24.9
Doetinchem,2017,25.1,25.4
Doetinchem,2018,25.3,25.9
Doetinchem,2019,25.6,27.2
Doetinchem,2020,25.8,28.3
Doetinchem,2021,26.0,29.6
Dongen,2012,10.4,24.4
Dongen,2013,10.6,24.5
Dongen,2014,10.6,25.3
Dongen,2015,10.6,25.7
Dongen,2016,10.7,26.8
Dongen,2017,10.8,27.5
Dongen,2018,10.9,28.1
Dongen,2019,11.0,29.5
Dongen,2020,11.1,30.7
Dongen,2021,11.3,31.9
Dordrecht,2012,53.8,22.4
Dordrecht,2013,53.8,22.6
Dordrecht,2014,53.8,23.3
Dordrecht,2015,54.1,23.6
Dordrecht,2016,54.3,24.4
Dordrecht,2017,54.6,25.0
Dordrecht,2018,54.4,25.6
Dordrecht,2019,54.3,27.0
Dordrecht,2020,54.7,28.3
Dordrecht,2021,54.8,29.5
Drechterland,2012,7.7,24.9
Drechterland,2013,7.8,25.1
Drechterland,2014,7.9,25.8
Drechterland,2015,7.9,26.2
Drechterland,2016,7.9,27.5
Drechterland,2017,8.0,28.0
Drechterland,2018,8.0,28.4
Drechterland,2019,8.1,29.7
Drechterland,2020,8.2,31.2
Drechterland,2021,8.2,32.3
Drimmelen,2012,10.8,25.4
Drimmelen,2013,10.9,25.6
Drimmelen,2014,11.0,26.2
Drimmelen,2015,11.1,26.7
Drimmelen,2016,11.2,27.8
Drimmelen,2017,11.3,28.5
Drimmelen,2018,11.4,28.9
Drimmelen,2019,11.5,30.3
Drimmelen,2020,11.6,31.3
Drimmelen,2021,11.7,32.6
Dronten,2012,16.4,23.2
Dronten,2013,16.6,23.5
Dronten,2014,16.6,24.2
Dronten,2015,16.8,24.6
Dronten,2016,16.9,25.5
Dronten,2017,17.0,26.2
Dronten,2018,17.0,26.9
Dronten,2019,17.2,28.3
Dronten,2020,17.4,29.6
Dronten,2021,17.7,30.9
Druten,2012,7.1,24.0
Druten,2013,7.1,24.3
Druten,2014,7.2,24.9
Druten,2015,7.4,25.3
Druten,2016,7.5,26.5
Druten,2017,7.6,27.2
Druten,2018,7.7,27.8
Druten,2019,7.7,29.0
Druten,2020,7.9,30.2
Druten,2021,8.0,31.7
Duiven,2012,10.3,24.5
Duiven,2013,10.4,24.6
Duiven,2014,10.5,25.3
Duiven,2015,10.5,25.9
Duiven,2016,10.5,26.9
Duiven,2017,10.6,27.4
Duiven,2018,10.6,28.1
Duiven,2019,10.7,29.4
Duiven,2020,10.6,30.5
Duiven,2021,10.7,31.7
Echt-Susteren,2012,13.9,23.6
Echt-Susteren,2013,14.0,23.9
Echt-Susteren,2014,13.9,24.7
Echt-Susteren,2015,14.0,25.1
Echt-Susteren,2016,14.1,25.8
Echt-Susteren,2017,14.1,26.6
Echt-Susteren,2018,14.1,26.9
Echt-Susteren,2019,14.1,28.2
Echt-Susteren,2020,14.2,29.3
Echt-Susteren,2021,14.2,30.3
Edam-Volendam,2012,13.9,26.6
Edam-Volendam,2013,13.9,26.5
Edam-Volendam,2014,14.2,27.4
Edam-Volendam,2015,14.4,27.9
Edam-Volendam,2016,14.4,29.2
Edam-Volendam,2017,14.5,29.8
Edam-Volendam,2018,14.6,30.3
Edam-Volendam,2019,14.8,31.6
Edam-Volendam,2020,14.8,32.7
Edam-Volendam,2021,15.0,34.2
Ede,2012,44.4,24.0
Ede,2013,45.1,24.2
Ede,2014,45.5,24.9
Ede,2015,46.2,25.2
Ede,2016,46.6,26.3
Ede,2017,47.2,26.9
Ede,2018,48.0,27.3
Ede,2019,48.5,28.8
Ede,2020,49.2,30.1
Ede,2021,49.8,31.5
Eemnes,2012,3.6,26.8
Eemnes,2013,3.6,27.1
Eemnes,2014,3.6,27.6
Eemnes,2015,3.6,28.2
Eemnes,2016,3.7,29.5
Eemnes,2017,3.8,30.3
Eemnes,2018,3.8,30.8
Eemnes,2019,3.9,32.3
Eemnes,2020,4.0,32.9
Eemnes,2021,4.0,34.5
Eersel,2012,7.2,26.5
Eersel,2013,7.3,26.9
Eersel,2014,7.5,27.5
Eersel,2015,7.6,27.8
Eersel,2016,7.6,28.9
Eersel,2017,7.7,29.7
Eersel,2018,7.8,30.2
Eersel,2019,8.0,31.5
Eersel,2020,8.1,32.8
Eersel,2021,8.2,34.4
Eindhoven,2012,107.6,21.5
Eindhoven,2013,108.3,21.6
Eindhoven,2014,109.3,22.3
Eindhoven,2015,110.8,22.6
Eindhoven,2016,111.9,23.4
Eindhoven,2017,113.8,23.9
Eindhoven,2018,115.7,24.4
Eindhoven,2019,117.1,25.7
Eindhoven,2020,118.2,26.8
Eindhoven,2021,119.0,28.2
Elburg,2012,8.6,23.5
Elburg,2013,8.7,23.6
Elburg,2014,8.8,24.2
Elburg,2015,8.8,24.7
Elburg,2016,8.9,25.7
Elburg,2017,9.0,26.3
Elburg,2018,9.1,26.8
Elburg,2019,9.0,28.1
Elburg,2020,9.1,29.3
Elburg,2021,9.3,30.5
Emmen,2012,47.2,21.3
Emmen,2013,47.2,21.4
Emmen,2014,47.3,22.0
Emmen,2015,47.5,22.3
Emmen,2016,47.6,23.2
Emmen,2017,48.0,23.7
Emmen,2018,48.2,24.0
Emmen,2019,48.2,25.2
Emmen,2020,48.4,26.2
Emmen,2021,48.4,27.4
Enkhuizen,2012,8.2,22.7
Enkhuizen,2013,8.3,22.8
Enkhuizen,2014,8.3,23.6
Enkhuizen,2015,8.3,24.0
Enkhuizen,2016,8.4,25.0
Enkhuizen,2017,8.5,25.6
Enkhuizen,2018,8.5,26.0
Enkhuizen,2019,8.5,27.2
Enkhuizen,2020,8.6,28.3
Enkhuizen,2021,8.6,29.3
Enschede,2012,74.7,19.5
Enschede,2013,75.1,19.5
Enschede,2014,74.3,20.1
Enschede,2015,74.9,20.4
Enschede,2016,74.8,21.1
Enschede,2017,75.3,21.5
Enschede,2018,75.7,21.9
Enschede,2019,76.0,22.9
Enschede,2020,76.6,23.9
Enschede,2021,77.0,25.1
Epe,2012,13.6,23.5
Epe,2013,13.6,23.7
Epe,2014,13.5,24.4
Epe,2015,13.6,24.7
Epe,2016,13.7,25.6
Epe,2017,13.9,26.1
Epe,2018,14.0,26.6
Epe,2019,14.1,28.0
Epe,2020,14.2,29.2
Epe,2021,14.2,30.6
Ermelo,2012,10.8,24.3
Ermelo,2013,11.0,24.6
Ermelo,2014,10.5,26.0
Ermelo,2015,10.6,26.2
Ermelo,2016,10.8,27.0
Ermelo,2017,10.9,27.8
Ermelo,2018,11.0,28.0
Ermelo,2019,11.1,29.2
Ermelo,2020,11.2,30.2
Ermelo,2021,11.2,31.5
Etten-Leur,2012,17.6,24.1
Etten-Leur,2013,17.8,24.3
Etten-Leur,2014,17.7,25.2
Etten-Leur,2015,17.8,25.6
Etten-Leur,2016,18.0,26.6
Etten-Leur,2017,18.3,27.0
Etten-Leur,2018,18.5,27.4
Etten-Leur,2019,18.7,28.8
Etten-Leur,2020,18.8,29.9
Etten-Leur,2021,18.9,31.2
Geertruidenberg,2012,9.1,24.1
Geertruidenberg,2013,9.2,24.2
Geertruidenberg,2014,9.2,24.9
Geertruidenberg,2015,9.2,25.3
Geertruidenberg,2016,9.3,26.3
Geertruidenberg,2017,9.3,26.9
Geertruidenberg,2018,9.3,27.2
Geertruidenberg,2019,9.3,28.7
Geertruidenberg,2020,9.4,29.8
Geertruidenberg,2021,9.5,31.1
Geldrop-Mierlo,2012,16.9,24.1
Geldrop-Mierlo,2013,17.0,24.3
Geldrop-Mierlo,2014,17.0,24.9
Geldrop-Mierlo,2015,17.0,25.5
Geldrop-Mierlo,2016,17.2,26.5
Geldrop-Mierlo,2017,17.3,27.1
Geldrop-Mierlo,2018,17.4,27.5
Geldrop-Mierlo,2019,17.6,29.0
Geldrop-Mierlo,2020,17.7,30.2
Geldrop-Mierlo,2021,17.9,31.6
Gemert-Bakel,2012,11.7,23.7
Gemert-Bakel,2013,11.8,23.8
Gemert-Bakel,2014,11.9,24.6
Gemert-Bakel,2015,12.2,24.8
Gemert-Bakel,2016,12.3,25.9
Gemert-Bakel,2017,12.5,26.6
Gemert-Bakel,2018,12.7,27.0
Gemert-Bakel,2019,12.8,28.3
Gemert-Bakel,2020,13.0,29.4
Gemert-Bakel,2021,13.1,30.8
Gennep,2012,7.1,23.7
Gennep,2013,7.1,23.9
Gennep,2014,7.1,24.6
Gennep,2015,7.1,25.2
Gennep,2016,7.1,26.2
Gennep,2017,7.2,26.7
Gennep,2018,7.2,27.2
Gennep,2019,7.2,28.5
Gennep,2020,7.2,29.6
Gennep,2021,7.3,30.7
Gilze en Rijen,2012,10.4,24.2
Gilze en Rijen,2013,10.7,24.4
Gilze en Rijen,2014,10.8,24.9
Gilze en Rijen,2015,10.8,25.4
Gilze en Rijen,2016,10.9,26.5
Gilze en Rijen,2017,10.9,27.2
Gilze en Rijen,2018,11.0,27.6
Gilze en Rijen,2019,11.2,28.9
Gilze en Rijen,2020,11.2,29.8
Gilze en Rijen,2021,11.2,31.2
Goes,2012,16.7,23.3
Goes,2013,16.9,23.5
Goes,2014,16.7,24.2
Goes,2015,16.8,24.7
Goes,2016,16.9,25.5
Goes,2017,17.1,26.0
Goes,2018,17.3,26.3
Goes,2019,17.5,27.5
Goes,2020,17.7,28.7
Goes,2021,17.9,29.9
Goirle,2012,9.4,25.7
Goirle,2013,9.6,25.7
Goirle,2014,9.7,26.4
Goirle,2015,9.9,26.8
Goirle,2016,9.9,27.9
Goirle,2017,10.0,28.7
Goirle,2018,10.0,29.1
Goirle,2019,10.1,30.8
Goirle,2020,10.2,31.8
Goirle,2021,10.2,33.3
Gorinchem,2012,15.5,22.7
Gorinchem,2013,15.5,22.8
Gorinchem,2014,15.5,23.5
Gorinchem,2015,15.6,23.9
Gorinchem,2016,15.6,24.8
Gorinchem,2017,15.9,25.4
Gorinchem,2018,16.2,25.8
Gorinchem,2019,16.4,27.1
Gorinchem,2020,16.6,28.3
Gorinchem,2021,16.8,29.5
Gouda,2012,31.0,23.6
Gouda,2013,30.9,23.7
Gouda,2014,31.2,24.3
Gouda,2015,31.5,24.7
Gouda,2016,31.6,25.6
Gouda,2017,32.3,26.1
Gouda,2018,33.0,26.6
Gouda,2019,33.2,28.1
Gouda,2020,33.4,29.3
Gouda,2021,33.6,30.6
's-Gravenhage,2012,239.8,21.1
's-Gravenhage,2013,241.3,21.1
's-Gravenhage,2014,241.9,21.7
's-Gravenhage,2015,245.5,21.9
's-Gravenhage,2016,247.5,22.7
's-Gravenhage,2017,249.2,23.4
's-Gravenhage,2018,252.9,23.9
's-Gravenhage,2019,255.6,25.2
's-Gravenhage,2020,259.6,26.2
's-Gravenhage,2021,262.0,27.4
Groningen,2012,121.6,18.2
Groningen,2013,123.2,18.2
Groningen,2014,124.5,18.6
Groningen,2015,126.5,18.9
Groningen,2016,127.1,19.6
Groningen,2017,127.7,20.1
Groningen,2018,128.1,20.6
Groningen,2019,128.6,21.6
Groningen,2020,129.3,22.7
Groningen,2021,130.6,23.9
Gulpen-Wittem,2012,6.3,24.0
Gulpen-Wittem,2013,6.3,24.3
Gulpen-Wittem,2014,6.4,25.0
Gulpen-Wittem,2015,6.4,25.3
Gulpen-Wittem,2016,6.4,26.3
Gulpen-Wittem,2017,6.5,26.9
Gulpen-Wittem,2018,6.5,27.2
Gulpen-Wittem,2019,6.5,28.3
Gulpen-Wittem,2020,6.5,29.4
Gulpen-Wittem,2021,6.6,30.8
Haaksbergen,2012,9.8,23.9
Haaksbergen,2013,9.9,24.2
Haaksbergen,2014,9.9,24.7
Haaksbergen,2015,9.9,25.1
Haaksbergen,2016,9.9,26.3
Haaksbergen,2017,10.0,26.9
Haaksbergen,2018,10.1,27.4
Haaksbergen,2019,10.1,28.7
Haaksbergen,2020,10.2,29.8
Haaksbergen,2021,10.2,31.2
Haarlem,2012,73.1,23.6
Haarlem,2013,73.5,23.9
Haarlem,2014,74.5,24.6
Haarlem,2015,75.2,25.2
Haarlem,2016,75.9,26.1
Haarlem,2017,76.1,26.8
Haarlem,2018,76.3,27.5
Haarlem,2019,77.1,28.8
Haarlem,2020,77.4,30.0
Haarlem,2021,77.5,31.4
Haarlemmermeer,2012,60.8,26.3
Haarlemmermeer,2013,61.1,26.6
Haarlemmermeer,2014,61.2,27.4
Haarlemmermeer,2015,61.8,27.8
Haarlemmermeer,2016,62.2,28.9
Haarlemmermeer,2017,63.1,29.6
Haarlemmermeer,2018,63.8,30.1
Haarlemmermeer,2019,64.4,31.6
Haarlemmermeer,2020,65.2,32.6
Haarlemmermeer,2021,66.1,34.0
Halderberge,2012,12.2,24.2
Halderberge,2013,12.2,24.4
Halderberge,2014,12.5,25.0
Halderberge,2015,12.6,25.4
Halderberge,2016,12.7,26.2
Halderberge,2017,12.7,26.8
Halderberge,2018,12.9,27.1
Halderberge,2019,13.1,28.3
Halderberge,2020,13.0,29.7
Halderberge,2021,13.1,30.9
Hardenberg,2012,22.9,22.7
Hardenberg,2013,23.1,22.9
Hardenberg,2014,23.0,23.6
Hardenberg,2015,23.2,24.0
Hardenberg,2016,23.4,25.0
Hardenberg,2017,23.7,25.8
Hardenberg,2018,23.9,26.2
Hardenberg,2019,24.1,27.4
Hardenberg,2020,24.3,28.8
Hardenberg,2021,24.6,30.3
Harderwijk,2012,18.9,23.5
Harderwijk,2013,19.0,23.7
Harderwijk,2014,19.0,24.4
Harderwijk,2015,19.2,24.8
Harderwijk,2016,19.4,25.7
Harderwijk,2017,19.6,26.3
Harderwijk,2018,19.8,26.8
Harderwijk,2019,20.1,28.3
Harderwijk,2020,20.5,29.5
Harderwijk,2021,20.7,30.8
Hardinxveld-Giessendam,2012,6.8,24.2
Hardinxveld-Giessendam,2013,6.8,24.6
Hardinxveld-Giessendam,2014,6.8,25.0
Hardinxveld-Giessendam,2015,6.8,25.5
Hardinxveld-Giessendam,2016,6.9,26.3
Hardinxveld-Giessendam,2017,6.9,26.9
Hardinxveld-Giessendam,2018,7.0,27.6
Hardinxveld-Giessendam,2019,7.0,28.8
Hardinxveld-Giessendam,2020,7.1,29.9
Hardinxveld-Giessendam,2021,7.2,31.2
Harlingen,2012,7.1,21.0
Harlingen,2013,7.1,21.1
Harlingen,2014,7.2,21.4
Harlingen,2015,7.3,21.6
Harlingen,2016,7.4,22.3
Harlingen,2017,7.4,22.9
Harlingen,2018,7.3,23.6
Harlingen,2019,7.4,24.6
Harlingen,2020,7.4,25.6
Harlingen,2021,7.5,26.8
Hattem,2012,4.8,24.3
Hattem,2013,4.8,24.3
Hattem,2014,4.8,25.1
Hattem,2015,4.9,25.5
Hattem,2016,4.9,26.7
Hattem,2017,5.0,27.4
Hattem,2018,5.0,27.9
Hattem,2019,5.0,29.2
Hattem,2020,5.1,30.4
Hattem,2021,5.1,31.9
Heemskerk,2012,16.9,24.5
Heemskerk,2013,16.9,24.8
Heemskerk,2014,17.0,25.5
Heemskerk,2015,17.1,26.0
Heemskerk,2016,17.3,26.9
Heemskerk,2017,17.3,27.5
Heemskerk,2018,17.2,27.9
Heemskerk,2019,17.2,29.3
Heemskerk,2020,17.3,30.4
Heemskerk,2021,17.3,31.7
Heemstede,2012,11.4,30.2
Heemstede,2013,11.5,30.4
Heemstede,2014,11.5,31.4
Heemstede,2015,11.7,31.7
Heemstede,2016,11.8,32.5
Heemstede,2017,11.8,33.4
Heemstede,2018,11.8,33.8
Heemstede,2019,11.9,35.4
Heemstede,2020,11.9,36.3
Heemstede,2021,12.1,38.3
Heerde,2012,7.3,24.2
Heerde,2013,7.4,24.4
Heerde,2014,7.5,25.1
Heerde,2015,7.5,25.5
Heerde,2016,7.5,26.4
Heerde,2017,7.5,27.2
Heerde,2018,7.6,27.5
Heerde,2019,7.6,28.9
Heerde,2020,7.6,30.1
Heerde,2021,7.7,31.3
Heerenveen,2012,22.1,22.4
Heerenveen,2013,22.1,22.7
Heerenveen,2014,22.1,23.2
Heerenveen,2015,22.2,23.6
Heerenveen,2016,22.3,24.5
Heerenveen,2017,22.5,25.1
Heerenveen,2018,22.5,25.4
Heerenveen,2019,22.6,26.8
Heerenveen,2020,22.8,27.8
Heerenveen,2021,22.9,29.0
Heerlen,2012,44.5,20.0
Heerlen,2013,44.4,20.1
Heerlen,2014,44.4,20.5
Heerlen,2015,44.3,20.8
Heerlen,2016,44.4,21.5
Heerlen,2017,44.8,21.9
Heerlen,2018,44.8,22.3
Heerlen,2019,44.8,23.3
Heerlen,2020,44.9,24.1
Heerlen,2021,45.0,24.9
Heeze-Leende,2012,6.2,27.0
Heeze-Leende,2013,6.3,27.2
Heeze-Leende,2014,6.3,28.3
Heeze-Leende,2015,6.4,28.6
Heeze-Leende,2016,6.5,29.8
Heeze-Leende,2017,6.5,30.5
Heeze-Leende,2018,6.6,30.9
Heeze-Leende,2019,6.7,32.7
Heeze-Leende,2020,6.8,34.0
Heeze-Leende,2021,6.8,35.4
Heiloo,2012,9.7,27.8
Heiloo,2013,9.7,28.0
Heiloo,2014,9.8,28.7
Heiloo,2015,9.8,29.4
Heiloo,2016,9.9,30.2
Heiloo,2017,10.3,30.5
Heiloo,2018,10.3,30.8
Heiloo,2019,10.5,32.3
Heiloo,2020,10.7,33.3
Heiloo,2021,10.8,34.9
Den Helder,2012,27.0,22.0
Den Helder,2013,27.0,22.1
Den Helder,2014,26.5,22.9
Den Helder,2015,26.4,23.3
Den Helder,2016,26.4,24.0
Den Helder,2017,26.6,24.4
Den Helder,2018,26.6,24.9
Den Helder,2019,26.7,26.1
Den Helder,2020,27.0,27.0
Den Helder,2021,27.2,28.1
Hellendoorn,2012,14.1,23.3
Hellendoorn,2013,14.2,23.6
Hellendoorn,2014,14.3,24.3
Hellendoorn,2015,14.3,24.8
Hellendoorn,2016,14.4,25.6
Hellendoorn,2017,14.4,26.4
Hellendoorn,2018,14.5,26.9
Hellendoorn,2019,14.6,28.2
Hellendoorn,2020,14.7,29.3
Hellendoorn,2021,14.8,30.6
Helmond,2012,37.9,21.9
Helmond,2013,38.2,21.9
Helmond,2014,38.6,22.4
Helmond,2015,39.0,22.7
Helmond,2016,39.3,23.7
Helmond,2017,39.6,24.5
Helmond,2018,39.8,24.9
Helmond,2019,40.4,26.2
Helmond,2020,40.9,27.3
Helmond,2021,41.2,28.6
Hendrik-Ido-Ambacht,2012,11.1,25.8
Hendrik-Ido-Ambacht,2013,11.3,26.1
Hendrik-Ido-Ambacht,2014,11.3,27.0
Hendrik-Ido-Ambacht,2015,11.4,27.5
Hendrik-Ido-Ambacht,2016,11.5,28.6
Hendrik-Ido-Ambacht,2017,11.7,29.1
Hendrik-Ido-Ambacht,2018,12.0,29.7
Hendrik-Ido-Ambacht,2019,12.1,31.2
Hendrik-Ido-Ambacht,2020,12.2,32.4
Hendrik-Ido-Ambacht,2021,12.2,33.8
Hengelo,2012,36.1,22.1
Hengelo,2013,36.3,22.3
Hengelo,2014,36.4,22.9
Hengelo,2015,36.6,23.3
Hengelo,2016,36.7,24.1
Hengelo,2017,36.9,24.7
Hengelo,2018,37.1,25.1
Hengelo,2019,37.5,26.2
Hengelo,2020,37.8,27.4
Hengelo,2021,38.0,28.6
's-Hertogenbosch,2012,68.2,23.6
's-Hertogenbosch,2013,68.8,23.8
's-Hertogenbosch,2014,69.1,24.5
's-Hertogenbosch,2015,69.4,25.0
's-Hertogenbosch,2016,70.1,26.1
's-Hertogenbosch,2017,71.0,26.6
's-Hertogenbosch,2018,71.6,27.1
's-Hertogenbosch,2019,72.2,28.4
's-Hertogenbosch,2020,73.0,29.6
's-Hertogenbosch,2021,73.4,30.9
Heumen,2012,6.7,26.7
Heumen,2013,6.8,27.0
Heumen,2014,6.8,27.6
Heumen,2015,6.9,28.2
Heumen,2016,6.9,29.3
Heumen,2017,7.0,29.9
Heumen,2018,7.0,30.1
Heumen,2019,7.1,31.4
Heumen,2020,7.1,32.6
Heumen,2021,7.2,33.9
Heusden,2012,17.5,24.7
Heusden,2013,17.7,24.8
Heusden,2014,17.8,25.6
Heusden,2015,17.9,25.9
Heusden,2016,18.0,26.8
Heusden,2017,18.2,27.6
Heusden,2018,18.3,28.0
Heusden,2019,18.6,29.4
Heusden,2020,19.0,30.6
Heusden,2021,19.3,32.1
Hillegom,2012,9.0,24.8
Hillegom,2013,9.1,25.0
Hillegom,2014,9.1,25.6
Hillegom,2015,9.2,26.0
Hillegom,2016,9.3,27.0
Hillegom,2017,9.4,27.8
Hillegom,2018,9.6,28.2
Hillegom,2019,9.7,29.8
Hillegom,2020,9.8,30.6
Hillegom,2021,9.8,31.9
Hilvarenbeek,2012,5.9,26.5
Hilvarenbeek,2013,6.0,26.9
Hilvarenbeek,2014,6.1,27.6
Hilvarenbeek,2015,6.1,28.2
Hilvarenbeek,2016,6.2,29.2
Hilvarenbeek,2017,6.3,29.9
Hilvarenbeek,2018,6.3,30.2
Hilvarenbeek,2019,6.4,32.0
Hilvarenbeek,2020,6.5,32.9
Hilvarenbeek,2021,6.7,34.6
Hilversum,2012,40.1,23.8
Hilversum,2013,40.4,24.0
Hilversum,2014,40.7,24.7
Hilversum,2015,41.0,25.2
Hilversum,2016,41.2,26.1
Hilversum,2017,41.7,26.8
Hilversum,2018,41.9,27.3
Hilversum,2019,42.1,28.8
Hilversum,2020,42.3,29.7
Hilversum,2021,42.6,31.2
Hof van Twente,2012,14.4,24.2
Hof van Twente,2013,14.5,24.5
Hof van Twente,2014,14.4,25.3
Hof van Twente,2015,14.4,25.6
Hof van Twente,2016,14.5,26.5
Hof van Twente,2017,14.7,27.2
Hof van Twente,2018,14.7,27.5
Hof van Twente,2019,14.8,28.9
Hof van Twente,2020,14.9,30.0
Hof van Twente,2021,15.0,31.3
Hoogeveen,2012,23.1,21.6
Hoogeveen,2013,23.2,21.8
Hoogeveen,2014,23.3,22.4
Hoogeveen,2015,23.5,22.7
Hoogeveen,2016,23.6,23.6
Hoogeveen,2017,23.8,24.1
Hoogeveen,2018,24.0,24.5
Hoogeveen,2019,24.2,25.7
Hoogeveen,2020,24.3,26.8
Hoogeveen,2021,24.3,27.9
Hoorn,2012,31.5,23.2
Hoorn,2013,31.6,23.3
Hoorn,2014,31.8,24.0
Hoorn,2015,32.0,24.5
Hoorn,2016,32.3,25.5
Hoorn,2017,32.6,26.0
Hoorn,2018,32.6,26.5
Hoorn,2019,32.8,27.9
Hoorn,2020,33.0,29.0
Hoorn,2021,33.3,30.1
Horst aan de Maas,2012,16.8,24.5
Horst aan de Maas,2013,16.8,24.8
Horst aan de Maas,2014,16.8,25.6
Horst aan de Maas,2015,17.0,26.0
Horst aan de Maas,2016,17.2,27.1
Horst aan de Maas,2017,17.6,27.6
Horst aan de Maas,2018,17.8,28.0
Horst aan de Maas,2019,17.8,29.3
Horst aan de Maas,2020,18.0,30.3
Horst aan de Maas,2021,18.2,31.7
Houten,2012,18.6,27.7
Houten,2013,18.9,28.1
Houten,2014,19.1,28.9
Houten,2015,19.3,29.5
Houten,2016,19.3,30.6
Houten,2017,19.6,31.1
Houten,2018,19.8,31.5
Houten,2019,20.1,32.9
Houten,2020,20.2,34.2
Houten,2021,20.4,35.7
Huizen,2012,18.0,25.4
Huizen,2013,18.0,25.5
Huizen,2014,17.8,26.3
Huizen,2015,17.9,26.8
Huizen,2016,18.0,27.7
Huizen,2017,18.2,28.1
Huizen,2018,18.2,28.5
Huizen,2019,18.3,29.9
Huizen,2020,18.4,30.9
Huizen,2021,18.5,32.1
Hulst,2012,12.4,24.1
Hulst,2013,12.4,24.2
Hulst,2014,12.3,25.0
Hulst,2015,12.2,25.3
Hulst,2016,12.2,26.0
Hulst,2017,12.4,26.5
Hulst,2018,12.5,27.0
Hulst,2019,12.5,28.3
Hulst,2020,12.6,29.3
Hulst,2021,12.6,30.6
IJsselstein,2012,13.9,25.7
IJsselstein,2013,14.0,26.0
IJsselstein,2014,14.1,26.6
IJsselstein,2015,14.0,27.2
IJsselstein,2016,14.1,28.2
IJsselstein,2017,14.2,29.0
IJsselstein,2018,14.3,29.3
IJsselstein,2019,14.3,30.8
IJsselstein,2020,14.3,32.0
IJsselstein,2021,14.3,33.4
Kaag en Braassem,2012,10.4,26.1
Kaag en Braassem,2013,10.5,26.2
Kaag en Braassem,2014,10.5,27.1
Kaag en Braassem,2015,10.7,27.6
Kaag en Braassem,2016,10.9,28.6
Kaag en Braassem,2017,11.1,29.2
Kaag en Braassem,2018,11.2,29.7
Kaag en Braassem,2019,11.4,31.0
Kaag en Braassem,2020,11.6,32.1
Kaag en Braassem,2021,11.8,33.7
Kampen,2012,20.1,22.3
Kampen,2013,20.3,22.4
Kampen,2014,20.3,23.1
Kampen,2015,20.6,23.4
Kampen,2016,20.9,24.5
Kampen,2017,21.3,25.1
Kampen,2018,21.6,25.6
Kampen,2019,21.8,26.8
Kampen,2020,22.1,28.1
Kampen,2021,22.3,29.5
Kapelle,2012,4.9,25.6
Kapelle,2013,5.0,25.8
Kapelle,2014,5.0,26.4
Kapelle,2015,5.1,26.9
Kapelle,2016,5.1,27.9
Kapelle,2017,5.1,28.5
Kapelle,2018,5.2,28.6
Kapelle,2019,5.2,30.0
Kapelle,2020,5.3,31.2
Kapelle,2021,5.3,32.5
Katwijk,2012,24.1,24.2
Katwijk,2013,24.4,24.4
Katwijk,2014,24.5,25.2
Katwijk,2015,25.0,25.6
Katwijk,2016,25.3,26.6
Katwijk,2017,25.7,27.4
Katwijk,2018,26.0,27.9
Katwijk,2019,26.1,29.1
Katwijk,2020,26.5,30.4
Katwijk,2021,26.7,31.7
Kerkrade,2012,22.7,20.4
Kerkrade,2013,22.8,20.3
Kerkrade,2014,22.6,20.9
Kerkrade,2015,22.5,21.2
Kerkrade,2016,22.4,22.0
Kerkrade,2017,22.5,22.4
Kerkrade,2018,22.5,22.8
Kerkrade,2019,22.6,23.8
Kerkrade,2020,22.7,24.4
Kerkrade,2021,22.7,25.4
Koggenland,2012,8.9,25.4
Koggenland,2013,9.0,25.7
Koggenland,2014,9.0,26.6
Koggenland,2015,9.0,27.0
Koggenland,2016,9.1,28.2
Koggenland,2017,9.1,28.8
Koggenland,2018,9.2,29.3
Koggenland,2019,9.2,30.7
Koggenland,2020,9.3,31.9
Koggenland,2021,9.4,33.4
Krimpen aan den IJssel,2012,11.8,24.9
Krimpen aan den IJssel,2013,11.9,24.9
Krimpen aan den IJssel,2014,12.0,25.7
Krimpen aan den IJssel,2015,12.1,25.6
Krimpen aan den IJssel,2016,12.1,26.5
Krimpen aan den IJssel,2017,12.1,27.0
Krimpen aan den IJssel,2018,12.2,27.3
Krimpen aan den IJssel,2019,12.3,28.7
Krimpen aan den IJssel,2020,12.4,29.6
Krimpen aan den IJssel,2021,12.4,30.8
Laarbeek,2012,8.7,24.4
Laarbeek,2013,8.9,24.5
Laarbeek,2014,8.9,25.4
Laarbeek,2015,9.0,25.8
Laarbeek,2016,9.0,26.9
Laarbeek,2017,9.1,27.6
Laarbeek,2018,9.3,28.0
Laarbeek,2019,9.4,29.4
Laarbeek,2020,9.5,30.5
Laarbeek,2021,9.6,31.9
Landgraaf,2012,17.3,22.3
Landgraaf,2013,17.4,22.5
Landgraaf,2014,17.3,23.1
Landgraaf,2015,17.3,23.6
Landgraaf,2016,17.4,24.3
Landgraaf,2017,17.5,24.8
Landgraaf,2018,17.5,25.1
Landgraaf,2019,17.6,26.3
Landgraaf,2020,17.6,27.1
Landgraaf,2021,17.6,28.1
Landsmeer,2012,4.4,27.5
Landsmeer,2013,4.4,27.7
Landsmeer,2014,4.5,28.6
Landsmeer,2015,4.6,29.0
Landsmeer,2016,4.7,30.0
Landsmeer,2017,4.8,30.7
Landsmeer,2018,4.8,31.2
Landsmeer,2019,4.8,32.6
Landsmeer,2020,4.8,33.7
Landsmeer,2021,4.9,34.9
Lansingerland,2012,20.9,28.3
Lansingerland,2013,21.4,28.5
Lansingerland,2014,21.7,29.5
Lansingerland,2015,22.0,29.9
Lansingerland,2016,22.4,31.0
Lansingerland,2017,22.8,31.9
Lansingerland,2018,23.2,32.2
Lansingerland,2019,23.4,33.8
Lansingerland,2020,23.8,35.2
Lansingerland,2021,24.3,36.6
Laren,2012,5.0,30.1
Laren,2013,4.8,31.1
Laren,2014,4.7,32.1
Laren,2015,4.8,31.8
Laren,2016,4.9,33.2
Laren,2017,4.9,34.5
Laren,2018,4.9,35.0
Laren,2019,4.9,36.5
Laren,2020,4.9,37.2
Laren,2021,5.0,39.1
Leeuwarden,2012,58.4,20.7
Leeuwarden,2013,59.0,20.7
Leeuwarden,2014,59.2,21.2
Leeuwarden,2015,59.5,21.6
Leeuwarden,2016,59.6,22.4
Leeuwarden,2017,60.4,22.8
Leeuwarden,2018,60.9,23.3
Leeuwarden,2019,61.4,24.3
Leeuwarden,2020,62.1,25.3
Leeuwarden,2021,62.4,26.4
Leiden,2012,60.6,21.2
Leiden,2013,61.6,21.2
Leiden,2014,62.6,21.7
Leiden,2015,63.0,22.1
Leiden,2016,63.7,22.8
Leiden,2017,64.7,23.2
Leiden,2018,65.6,23.8
Leiden,2019,66.1,25.0
Leiden,2020,66.0,26.3
Leiden,2021,66.2,27.6
Leiderdorp,2012,11.7,26.4
Leiderdorp,2013,11.7,26.6
Leiderdorp,2014,11.8,27.4
Leiderdorp,2015,11.9,27.8
Leiderdorp,2016,12.1,28.7
Leiderdorp,2017,12.1,29.2
Leiderdorp,2018,12.1,29.7
Leiderdorp,2019,12.1,31.3
Leiderdorp,2020,12.1,32.5
Leiderdorp,2021,12.3,33.7
Leidschendam-Voorburg,2012,34.6,25.9
Leidschendam-Voorburg,2013,34.8,26.0
Leidschendam-Voorburg,2014,35.0,26.7
Leidschendam-Voorburg,2015,35.3,27.1
Leidschendam-Voorburg,2016,35.4,27.9
Leidschendam-Voorburg,2017,35.6,28.3
Leidschendam-Voorburg,2018,35.7,28.7
Leidschendam-Voorburg,2019,36.0,30.1
Leidschendam-Voorburg,2020,36.3,31.2
Leidschendam-Voorburg,2021,36.3,32.6
Lelystad,2012,32.3,22.2
Lelystad,2013,32.6,22.3
Lelystad,2014,32.6,23.0
Lelystad,2015,32.8,23.4
Lelystad,2016,33.1,24.2
Lelystad,2017,33.2,24.9
Lelystad,2018,33.4,25.3
Lelystad,2019,33.7,26.6
Lelystad,2020,34.1,27.7
Lelystad,2021,34.7,28.9
Leudal,2012,15.0,25.0
Leudal,2013,15.1,25.2
Leudal,2014,15.1,25.9
Leudal,2015,15.2,26.3
Leudal,2016,15.2,27.2
Leudal,2017,15.3,27.8
Leudal,2018,15.4,28.2
Leudal,2019,15.5,29.5
Leudal,2020,15.6,30.5
Leudal,2021,15.7,31.8
Leusden,2012,12.1,27.7
Leusden,2013,12.1,28.0
Leusden,2014,12.2,28.8
Leusden,2015,12.3,29.1
Leusden,2016,12.4,30.2
Leusden,2017,12.6,30.6
Leusden,2018,12.7,31.0
Leusden,2019,12.9,32.4
Leusden,2020,13.0,33.5
Leusden,2021,13.2,34.9
Lingewaard,2012,18.6,24.3
Lingewaard,2013,18.8,24.5
Lingewaard,2014,18.9,25.3
Lingewaard,2015,18.9,25.8
Lingewaard,2016,19.0,26.8
Lingewaard,2017,19.3,27.5
Lingewaard,2018,19.4,27.9
Lingewaard,2019,19.5,29.3
Lingewaard,2020,19.6,30.5
Lingewaard,2021,19.8,31.9
Lisse,2012,9.8,24.6
Lisse,2013,9.7,24.8
Lisse,2014,9.7,25.4
Lisse,2015,9.8,26.0
Lisse,2016,9.9,27.1
Lisse,2017,10.0,27.7
Lisse,2018,10.1,28.0
Lisse,2019,10.1,29.4
Lisse,2020,10.2,30.6
Lisse,2021,10.2,32.1
Lochem,2012,14.0,25.4
Lochem,2013,14.1,25.6
Lochem,2014,14.1,26.4
Lochem,2015,14.2,26.7
Lochem,2016,14.3,27.6
Lochem,2017,14.5,28.3
Lochem,2018,14.6,28.6
Lochem,2019,14.6,30.2
Lochem,2020,14.7,31.1
Lochem,2021,14.9,32.5
Loon op Zand,2012,9.3,24.4
Loon op Zand,2013,9.5,24.7
Loon op Zand,2014,9.7,25.3
Loon op Zand,2015,9.7,25.8
Loon op Zand,2016,9.8,26.7
Loon op Zand,2017,9.9,27.2
Loon op Zand,2018,9.9,27.7
Loon op Zand,2019,10.0,29.1
Loon op Zand,2020,10.1,30.1
Loon op Zand,2021,10.2,31.4
Lopik,2012,5.3,25.4
Lopik,2013,5.3,25.8
Lopik,2014,5.3,26.4
Lopik,2015,5.3,26.8
Lopik,2016,5.4,27.9
Lopik,2017,5.5,28.9
Lopik,2018,5.5,29.6
Lopik,2019,5.6,31.2
Lopik,2020,5.6,32.5
Lopik,2021,5.7,33.9
Losser,2012,9.1,22.9
Losser,2013,9.2,23.1
Losser,2014,9.1,24.0
Losser,2015,9.1,24.4
Losser,2016,9.2,25.3
Losser,2017,9.2,26.0
Losser,2018,9.3,26.3
Losser,2019,9.3,27.5
Losser,2020,9.4,28.6
Losser,2021,9.5,29.8
Maasdriel,2012,9.5,24.6
Maasdriel,2013,9.6,24.8
Maasdriel,2014,9.7,25.5
Maasdriel,2015,9.8,26.0
Maasdriel,2016,9.8,27.1
Maasdriel,2017,9.9,28.0
Maasdriel,2018,10.0,28.5
Maasdriel,2019,10.2,29.7
Maasdriel,2020,10.5,30.5
Maasdriel,2021,10.8,31.6
Maasgouw,2012,10.0,24.8
Maasgouw,2013,10.2,24.8
Maasgouw,2014,10.3,25.6
Maasgouw,2015,10.3,26.1
Maasgouw,2016,10.3,26.9
Maasgouw,2017,10.4,27.6
Maasgouw,2018,10.4,27.9
Maasgouw,2019,10.5,29.2
Maasgouw,2020,10.6,30.3
Maasgouw,2021,10.7,31.6
Maassluis,2012,14.1,23.6
Maassluis,2013,14.2,23.6
Maassluis,2014,14.3,24.4
Maassluis,2015,14.4,24.8
Maassluis,2016,14.5,25.5
Maassluis,2017,14.6,26.1
Maassluis,2018,14.6,26.6
Maassluis,2019,14.7,27.8
Maassluis,2020,14.9,28.9
Maassluis,2021,15.0,30.1
Maastricht,2012,60.4,19.7
Maastricht,2013,60.6,19.6
Maastricht,2014,60.4,20.1
Maastricht,2015,60.7,20.3
Maastricht,2016,60.6,21.0
Maastricht,2017,60.8,21.5
Maastricht,2018,61.2,21.8
Maastricht,2019,61.1,22.9
Maastricht,2020,61.1,23.7
Maastricht,2021,61.6,24.7
Medemblik,2012,17.5,24.1
Medemblik,2013,17.6,24.2
Medemblik,2014,17.8,25.0
Medemblik,2015,18.0,25.4
Medemblik,2016,18.1,26.5
Medemblik,2017,18.3,27.0
Medemblik,2018,18.6,27.4
Medemblik,2019,18.8,28.8
Medemblik,2020,18.9,30.0
Medemblik,2021,19.1,31.2
Meerssen,2012,8.3,25.3
Meerssen,2013,8.3,25.7
Meerssen,2014,8.4,26.4
Meerssen,2015,8.4,26.7
Meerssen,2016,8.4,27.5
Meerssen,2017,8.4,28.3
Meerssen,2018,8.4,28.5
Meerssen,2019,8.5,29.7
Meerssen,2020,8.5,31.0
Meerssen,2021,8.4,32.5
Meppel,2012,14.2,22.8
Meppel,2013,14.4,23.0
Meppel,2014,14.3,23.7
Meppel,2015,14.4,24.1
Meppel,2016,14.5,25.1
Meppel,2017,14.7,25.6
Meppel,2018,15.0,25.9
Meppel,2019,15.1,27.1
Meppel,2020,15.3,28.3
Meppel,2021,15.6,29.5
Middelburg,2012,21.8,23.0
Middelburg,2013,21.9,23.2
Middelburg,2014,22.1,23.8
Middelburg,2015,22.1,24.3
Middelburg,2016,22.2,25.1
Middelburg,2017,22.3,25.6
Middelburg,2018,22.5,26.1
Middelburg,2019,22.7,27.3
Middelburg,2020,22.8,28.4
Middelburg,2021,22.9,29.5
Midden-Delfland,2012,7.1,27.7
Midden-Delfland,2013,7.2,28.2
Midden-Delfland,2014,7.3,29.3
Midden-Delfland,2015,7.4,29.9
Midden-Delfland,2016,7.5,31.0
Midden-Delfland,2017,7.6,31.9
Midden-Delfland,2018,7.7,32.2
Midden-Delfland,2019,7.8,33.7
Midden-Delfland,2020,7.8,34.7
Midden-Delfland,2021,7.9,36.1
Midden-Drenthe,2012,14.0,23.7
Midden-Drenthe,2013,14.0,24.0
Midden-Drenthe,2014,14.0,24.8
Midden-Drenthe,2015,14.1,25.2
Midden-Drenthe,2016,14.1,26.1
Midden-Drenthe,2017,14.2,26.8
Midden-Drenthe,2018,14.3,27.1
Midden-Drenthe,2019,14.3,28.4
Midden-Drenthe,2020,14.4,29.5
Midden-Drenthe,2021,14.6,31.0
Moerdijk,2012,15.3,24.6
Moerdijk,2013,15.5,24.7
Moerdijk,2014,15.5,25.5
Moerdijk,2015,15.7,25.9
Moerdijk,2016,15.7,26.8
Moerdijk,2017,15.9,27.3
Moerdijk,2018,16.0,27.9
Moerdijk,2019,16.1,29.2
Moerdijk,2020,16.3,30.1
Moerdijk,2021,16.4,31.6
Montferland,2012,14.5,23.0
Montferland,2013,14.6,23.1
Montferland,2014,14.7,23.7
Montferland,2015,14.8,24.1
Montferland,2016,15.0,25.0
Montferland,2017,15.1,25.7
Montferland,2018,15.3,26.2
Montferland,2019,15.5,27.5
Montferland,2020,15.6,28.7
Montferland,2021,15.7,29.9
Montfoort,2012,5.3,26.9
Montfoort,2013,5.3,27.2
Montfoort,2014,5.4,28.0
Montfoort,2015,5.4,28.4
Montfoort,2016,5.5,29.3
Montfoort,2017,5.5,30.0
Montfoort,2018,5.6,30.3
Montfoort,2019,5.6,32.1
Montfoort,2020,5.6,33.3
Montfoort,2021,5.7,34.7
Mook en Middelaar,2012,3.4,27.0
Mook en Middelaar,2013,3.4,27.4
Mook en Middelaar,2014,3.4,28.4
Mook en Middelaar,2015,3.4,28.7
Mook en Middelaar,2016,3.4,29.6
Mook en Middelaar,2017,3.5,30.0
Mook en Middelaar,2018,3.5,30.3
Mook en Middelaar,2019,3.5,31.8
Mook en Middelaar,2020,3.5,32.9
Mook en Middelaar,2021,3.6,34.4
Neder-Betuwe,2012,8.0,23.1
Neder-Betuwe,2013,8.0,23.1
Neder-Betuwe,2014,8.1,23.9
Neder-Betuwe,2015,8.2,24.3
Neder-Betuwe,2016,8.4,25.2
Neder-Betuwe,2017,8.5,25.8
Neder-Betuwe,2018,8.7,26.4
Neder-Betuwe,2019,8.9,27.6
Neder-Betuwe,2020,9.1,28.7
Neder-Betuwe,2021,9.2,30.1
Nederweert,2012,6.8,24.0
Nederweert,2013,6.9,24.2
Nederweert,2014,6.9,24.9
Nederweert,2015,7.0,25.3
Nederweert,2016,7.0,26.4
Nederweert,2017,7.1,27.2
Nederweert,2018,7.2,27.5
Nederweert,2019,7.2,29.0
Nederweert,2020,7.3,30.1
Nederweert,2021,7.4,31.4
Nieuwegein,2012,26.9,24.5
Nieuwegein,2013,27.2,24.7
Nieuwegein,2014,27.4,25.4
Nieuwegein,2015,27.6,25.7
Nieuwegein,2016,27.9,26.6
Nieuwegein,2017,28.1,27.1
Nieuwegein,2018,28.5,27.5
Nieuwegein,2019,28.8,29.0
Nieuwegein,2020,29.1,29.9
Nieuwegein,2021,29.4,31.1
Nieuwkoop,2012,10.9,25.7
Nieuwkoop,2013,11.1,26.0
Nieuwkoop,2014,10.7,27.2
Nieuwkoop,2015,10.8,27.7
Nieuwkoop,2016,11.0,28.7
Nieuwkoop,2017,11.2,29.6
Nieuwkoop,2018,11.5,30.0
Nieuwkoop,2019,11.6,31.2
Nieuwkoop,2020,11.8,32.3
Nieuwkoop,2021,12.0,33.6
Nijkerk,2012,15.7,25.0
Nijkerk,2013,15.9,25.1
Nijkerk,2014,16.2,25.7
Nijkerk,2015,16.4,26.1
Nijkerk,2016,16.5,27.0
Nijkerk,2017,16.7,27.8
Nijkerk,2018,16.9,28.4
Nijkerk,2019,17.3,29.8
Nijkerk,2020,17.4,31.2
Nijkerk,2021,17.6,32.6
Nijmegen,2012,86.3,19.5
Nijmegen,2013,87.6,19.4
Nijmegen,2014,88.7,19.8
Nijmegen,2015,90.4,20.0
Nijmegen,2016,91.3,20.7
Nijmegen,2017,92.2,21.3
Nijmegen,2018,93.3,21.9
Nijmegen,2019,93.7,23.1
Nijmegen,2020,94.0,24.4
Nijmegen,2021,93.9,25.7
Noord-Beveland,2012,3.5,23.7
Noord-Beveland,2013,3.5,23.8
Noord-Beveland,2014,3.5,24.6
Noord-Beveland,2015,3.5,24.9
Noord-Beveland,2016,3.5,25.9
Noord-Beveland,2017,3.5,26.5
Noord-Beveland,2018,3.5,26.7
Noord-Beveland,2019,3.5,28.2
Noord-Beveland,2020,3.6,29.4
Noord-Beveland,2021,3.7,30.7
Noordenveld,2012,13.3,24.2
Noordenveld,2013,13.4,24.2
Noordenveld,2014,13.5,25.0
Noordenveld,2015,13.6,25.5
Noordenveld,2016,13.6,26.4
Noordenveld,2017,13.8,27.0
Noordenveld,2018,13.8,27.4
Noordenveld,2019,13.8,28.7
Noordenveld,2020,13.9,29.9
Noordenveld,2021,13.9,31.1
Noordoostpolder,2012,18.6,22.6
Noordoostpolder,2013,18.7,22.9
Noordoostpolder,2014,18.6,23.7
Noordoostpolder,2015,18.7,24.0
Noordoostpolder,2016,18.7,25.1
Noordoostpolder,2017,18.8,25.7
Noordoostpolder,2018,19.0,26.2
Noordoostpolder,2019,19.2,27.4
Noordoostpolder,2020,19.4,28.6
Noordoostpolder,2021,19.5,29.9
Noordwijk,2012,17.7,25.2
Noordwijk,2013,18.0,25.4
Noordwijk,2014,18.1,26.2
Noordwijk,2015,18.2,26.6
Noordwijk,2016,18.4,27.7
Noordwijk,2017,18.7,28.2
Noordwijk,2018,19.0,28.5
Noordwijk,2019,19.2,29.8
Noordwijk,2020,19.5,30.9
Noordwijk,2021,19.7,32.6
"Nuenen, Gerwen en Nederwetten",2012,9.6,27.7
"Nuenen, Gerwen en Nederwetten",2013,9.7,27.8
"Nuenen, Gerwen en Nederwetten",2014,9.8,28.7
"Nuenen, Gerwen en Nederwetten",2015,9.8,29.2
"Nuenen, Gerwen en Nederwetten",2016,9.9,30.3
"Nuenen, Gerwen en Nederwetten",2017,9.9,31.1
"Nuenen, Gerwen en Nederwetten",2018,10.0,31.3
"Nuenen, Gerwen en Nederwetten",2019,10.1,32.8
"Nuenen, Gerwen en Nederwetten",2020,10.1,33.9
"Nuenen, Gerwen en Nederwetten",2021,10.3,35.5
Nunspeet,2012,10.0,23.9
Nunspeet,2013,10.2,24.1
Nunspeet,2014,10.3,24.7
Nunspeet,2015,10.3,25.1
Nunspeet,2016,10.4,26.1
Nunspeet,2017,10.5,26.7
Nunspeet,2018,10.6,27.0
Nunspeet,2019,10.7,28.3
Nunspeet,2020,10.9,29.4
Nunspeet,2021,11.0,30.5
Oegstgeest,2012,9.8,29.7
Oegstgeest,2013,10.0,29.7
Oegstgeest,2014,9.9,31.2
Oegstgeest,2015,10.0,31.7
Oegstgeest,2016,10.0,32.9
Oegstgeest,2017,10.2,33.3
Oegstgeest,2018,10.3,33.6
Oegstgeest,2019,10.6,35.3
Oegstgeest,2020,10.6,36.6
Oegstgeest,2021,10.8,38.5
Oirschot,2012,7.0,25.9
Oirschot,2013,7.1,26.0
Oirschot,2014,7.1,27.0
Oirschot,2015,7.3,27.2
Oirschot,2016,7.4,28.4
Oirschot,2017,7.5,29.1
Oirschot,2018,7.5,29.6
Oirschot,2019,7.6,31.1
Oirschot,2020,7.7,32.6
Oirschot,2021,7.8,33.8
Oisterwijk,2012,12.9,25.6
Oisterwijk,2013,13.2,25.9
Oisterwijk,2014,12.9,27.1
Oisterwijk,2015,13.1,27.4
Oisterwijk,2016,13.0,28.7
Oisterwijk,2017,13.4,29.3
Oisterwijk,2018,13.5,29.8
Oisterwijk,2019,13.6,31.3
Oisterwijk,2020,13.7,32.4
Oisterwijk,2021,14.0,33.9
Oldambt,2012,17.7,20.7
Oldambt,2013,17.8,20.9
Oldambt,2014,17.7,21.5
Oldambt,2015,17.9,21.6
Oldambt,2016,17.8,22.4
Oldambt,2017,17.9,23.0
Oldambt,2018,17.9,23.3
Oldambt,2019,18.0,24.4
Oldambt,2020,18.1,25.4
Oldambt,2021,18.1,26.4
Oldebroek,2012,8.5,22.8
Oldebroek,2013,8.6,23.0
Oldebroek,2014,8.7,23.7
Oldebroek,2015,8.8,24.1
Oldebroek,2016,8.9,25.0
Oldebroek,2017,9.0,25.6
Oldebroek,2018,9.1,26.0
Oldebroek,2019,9.1,27.4
Oldebroek,2020,9.1,28.7
Oldebroek,2021,9.2,30.4
Oldenzaal,2012,13.7,23.1
Oldenzaal,2013,13.7,23.3
Oldenzaal,2014,13.7,24.0
Oldenzaal,2015,13.7,24.4
Oldenzaal,2016,13.8,25.3
Oldenzaal,2017,13.9,25.8
Oldenzaal,2018,13.9,26.2
Oldenzaal,2019,13.9,27.5
Oldenzaal,2020,14.0,28.5
Oldenzaal,2021,14.0,29.7
Olst-Wijhe,2012,7.1,23.8
Olst-Wijhe,2013,7.2,24.0
Olst-Wijhe,2014,7.1,24.9
Olst-Wijhe,2015,7.2,25.4
Olst-Wijhe,2016,7.3,26.6
Olst-Wijhe,2017,7.3,27.2
Olst-Wijhe,2018,7.4,27.6
Olst-Wijhe,2019,7.5,29.0
Olst-Wijhe,2020,7.6,30.3
Olst-Wijhe,2021,7.6,31.7
Ommen,2012,7.0,24.0
Ommen,2013,7.0,23.9
Ommen,2014,7.0,24.8
Ommen,2015,7.1,25.0
Ommen,2016,7.3,25.7
Ommen,2017,7.2,26.6
Ommen,2018,7.2,27.2
Ommen,2019,7.4,28.4
Ommen,2020,7.4,29.6
Ommen,2021,7.6,31.0
Oost Gelre,2012,12.0,24.0
Oost Gelre,2013,12.0,24.3
Oost Gelre,2014,12.1,25.1
Oost Gelre,2015,12.1,25.5
Oost Gelre,2016,12.2,26.6
Oost Gelre,2017,12.3,27.3
Oost Gelre,2018,12.3,27.8
Oost Gelre,2019,12.4,29.2
Oost Gelre,2020,12.4,30.4
Oost Gelre,2021,12.5,31.7
Oosterhout,2012,23.2,24.0
Oosterhout,2013,23.2,24.1
Oosterhout,2014,23.4,24.8
Oosterhout,2015,23.7,25.1
Oosterhout,2016,23.8,26.1
Oosterhout,2017,24.2,26.7
Oosterhout,2018,24.5,27.1
Oosterhout,2019,24.8,28.4
Oosterhout,2020,25.0,29.6
Oosterhout,2021,25.2,30.9
Ooststellingwerf,2012,11.0,22.1
Ooststellingwerf,2013,11.1,22.3
Ooststellingwerf,2014,11.0,22.9
Ooststellingwerf,2015,11.1,23.2
Ooststellingwerf,2016,11.0,24.2
Ooststellingwerf,2017,11.1,24.9
Ooststellingwerf,2018,11.1,25.2
Ooststellingwerf,2019,11.2,26.4
Ooststellingwerf,2020,11.2,27.5
Ooststellingwerf,2021,11.3,28.7
Oostzaan,2012,3.7,26.7
Oostzaan,2013,3.8,26.6
Oostzaan,2014,3.8,27.4
Oostzaan,2015,3.8,27.9
Oostzaan,2016,4.0,29.1
Oostzaan,2017,4.0,29.7
Oostzaan,2018,4.1,30.2
Oostzaan,2019,4.1,31.5
Oostzaan,2020,4.1,32.6
Oostzaan,2021,4.0,33.9
Opmeer,2012,4.5,24.7
Opmeer,2013,4.6,24.8
Opmeer,2014,4.6,25.6
Opmeer,2015,4.6,26.2
Opmeer,2016,4.6,27.2
Opmeer,2017,4.7,27.9
Opmeer,2018,4.7,28.5
Opmeer,2019,4.9,29.6
Opmeer,2020,5.0,30.4
Opmeer,2021,5.1,31.8
Opsterland,2012,12.2,22.8
Opsterland,2013,12.2,23.1
Opsterland,2014,12.3,23.8
Opsterland,2015,12.3,24.2
Opsterland,2016,12.3,25.2
Opsterland,2017,12.4,25.9
Opsterland,2018,12.4,26.4
Opsterland,2019,12.5,27.7
Opsterland,2020,12.5,28.9
Opsterland,2021,12.6,30.2
Oss,2012,37.7,23.5
Oss,2013,37.9,23.8
Oss,2014,38.2,24.4
Oss,2015,38.6,24.7
Oss,2016,38.8,25.7
Oss,2017,39.2,26.3
Oss,2018,39.5,26.7
Oss,2019,39.9,28.0
Oss,2020,40.3,29.1
Oss,2021,40.9,30.2
Oude IJsselstreek,2012,16.5,22.4
Oude IJsselstreek,2013,16.7,22.6
Oude IJsselstreek,2014,16.6,23.3
Oude IJsselstreek,2015,16.7,23.6
Oude IJsselstreek,2016,16.8,24.5
Oude IJsselstreek,2017,16.9,25.2
Oude IJsselstreek,2018,16.9,25.5
Oude IJsselstreek,2019,17.0,26.7
Oude IJsselstreek,2020,17.0,27.8
Oude IJsselstreek,2021,17.1,29.2
Ouder-Amstel,2012,5.7,27.9
Ouder-Amstel,2013,5.8,28.1
Ouder-Amstel,2014,5.8,29.0
Ouder-Amstel,2015,5.8,29.4
Ouder-Amstel,2016,5.9,30.4
Ouder-Amstel,2017,5.9,31.0
Ouder-Amstel,2018,5.9,31.4
Ouder-Amstel,2019,6.2,32.1
Ouder-Amstel,2020,6.3,33.0
Ouder-Amstel,2021,6.3,34.8
Oudewater,2012,3.9,26.4
Oudewater,2013,3.9,26.5
Oudewater,2014,4.0,27.6
Oudewater,2015,4.0,27.8
Oudewater,2016,4.1,28.9
Oudewater,2017,4.2,29.6
Oudewater,2018,4.2,30.0
Oudewater,2019,4.2,31.3
Oudewater,2020,4.2,32.5
Oudewater,2021,4.3,33.8
Overbetuwe,2012,18.3,24.9
Overbetuwe,2013,18.6,25.1
Overbetuwe,2014,18.8,25.8
Overbetuwe,2015,18.9,26.3
Overbetuwe,2016,19.0,27.5
Overbetuwe,2017,19.2,28.2
Overbetuwe,2018,19.3,28.6
Overbetuwe,2019,19.5,30.1
Overbetuwe,2020,19.7,31.3
Overbetuwe,2021,19.9,32.5
Papendrecht,2012,13.7,25.2
Papendrecht,2013,13.8,25.2
Papendrecht,2014,13.8,26.1
Papendrecht,2015,13.9,26.5
Papendrecht,2016,13.9,27.3
Papendrecht,2017,14.0,27.8
Papendrecht,2018,14.0,28.2
Papendrecht,2019,14.1,29.7
Papendrecht,2020,14.0,30.5
Papendrecht,2021,14.1,31.7
Peel en Maas,2012,17.1,24.2
Peel en Maas,2013,17.3,24.4
Peel en Maas,2014,17.4,25.1
Peel en Maas,2015,17.7,25.5
Peel en Maas,2016,17.7,26.7
Peel en Maas,2017,17.9,27.3
Peel en Maas,2018,17.9,27.8
Peel en Maas,2019,18.0,29.0
Peel en Maas,2020,18.2,30.2
Peel en Maas,2021,18.4,31.4
Pekela,2012,5.6,20.1
Pekela,2013,5.6,20.3
Pekela,2014,5.5,21.0
Pekela,2015,5.5,21.2
Pekela,2016,5.5,21.9
Pekela,2017,5.5,22.5
Pekela,2018,5.5,22.8
Pekela,2019,5.5,23.8
Pekela,2020,5.5,24.8
Pekela,2021,5.6,25.7
Pijnacker-Nootdorp,2012,18.9,27.5
Pijnacker-Nootdorp,2013,19.1,27.9
Pijnacker-Nootdorp,2014,19.4,28.7
Pijnacker-Nootdorp,2015,19.5,29.4
Pijnacker-Nootdorp,2016,19.9,30.6
Pijnacker-Nootdorp,2017,20.2,31.3
Pijnacker-Nootdorp,2018,20.6,31.9
Pijnacker-Nootdorp,2019,21.0,33.4
Pijnacker-Nootdorp,2020,21.4,34.8
Pijnacker-Nootdorp,2021,21.5,36.5
Purmerend,2012,37.9,24.1
Purmerend,2013,38.2,24.3
Purmerend,2014,38.5,24.9
Purmerend,2015,38.8,25.3
Purmerend,2016,39.1,26.2
Purmerend,2017,39.3,26.9
Purmerend,2018,39.5,27.2
Purmerend,2019,39.7,28.7
Purmerend,2020,40.5,29.7
Purmerend,2021,40.8,30.7
Putten,2012,9.2,24.3
Putten,2013,9.3,24.5
Putten,2014,9.3,25.2
Putten,2015,9.8,25.2
Putten,2016,9.8,26.3
Putten,2017,9.7,27.1
Putten,2018,9.7,27.8
Putten,2019,9.6,29.4
Putten,2020,9.6,30.2
Putten,2021,9.7,31.6
Raalte,2012,14.6,24.1
Raalte,2013,14.7,24.4
Raalte,2014,14.8,25.1
Raalte,2015,15.0,25.4
Raalte,2016,15.0,26.4
Raalte,2017,15.1,27.1
Raalte,2018,15.3,27.5
Raalte,2019,15.5,28.6
Raalte,2020,15.7,30.0
Raalte,2021,15.8,31.4
Reimerswaal,2012,8.3,22.8
Reimerswaal,2013,8.4,23.1
Reimerswaal,2014,8.5,23.8
Reimerswaal,2015,8.5,24.2
Reimerswaal,2016,8.6,25.1
Reimerswaal,2017,8.7,25.5
Reimerswaal,2018,8.9,25.8
Reimerswaal,2019,9.0,27.1
Reimerswaal,2020,9.0,28.4
Reimerswaal,2021,9.1,29.7
Renkum,2012,14.0,25.5
Renkum,2013,14.0,25.6
Renkum,2014,14.0,26.2
Renkum,2015,14.2,26.6
Renkum,2016,14.2,27.5
Renkum,2017,14.4,28.0
Renkum,2018,14.4,28.4
Renkum,2019,14.4,29.7
Renkum,2020,14.5,30.9
Renkum,2021,14.6,32.6
Renswoude,2012,1.7,25.6
Renswoude,2013,1.8,25.5
Renswoude,2014,1.8,26.5
Renswoude,2015,1.8,26.9
Renswoude,2016,1.9,27.8
Renswoude,2017,1.9,29.1
Renswoude,2018,2.0,29.6
Renswoude,2019,2.0,30.8
Renswoude,2020,2.1,32.5
Renswoude,2021,2.1,33.8
Reusel-De Mierden,2012,5.0,25.5
Reusel-De Mierden,2013,5.0,25.8
Reusel-De Mierden,2014,5.1,26.4
Reusel-De Mierden,2015,5.2,26.7
Reusel-De Mierden,2016,5.2,27.9
Reusel-De Mierden,2017,5.3,28.6
Reusel-De Mierden,2018,5.4,29.0
Reusel-De Mierden,2019,5.4,30.2
Reusel-De Mierden,2020,5.5,31.0
Reusel-De Mierden,2021,5.5,32.4
Rheden,2012,20.2,22.7
Rheden,2013,20.4,22.8
Rheden,2014,20.5,23.5
Rheden,2015,20.6,23.8
Rheden,2016,20.6,24.5
Rheden,2017,20.7,25.1
Rheden,2018,20.6,25.6
Rheden,2019,20.7,26.7
Rheden,2020,20.9,27.7
Rheden,2021,20.9,28.9
Rhenen,2012,7.6,24.4
Rhenen,2013,7.6,24.5
Rhenen,2014,7.7,25.0
Rhenen,2015,7.8,25.4
Rhenen,2016,7.9,26.4
Rhenen,2017,8.0,27.1
Rhenen,2018,8.1,27.4
Rhenen,2019,8.2,28.8
Rhenen,2020,8.3,30.2
Rhenen,2021,8.3,31.7
Ridderkerk,2012,20.1,23.7
Ridderkerk,2013,20.3,23.8
Ridderkerk,2014,20.3,24.4
Ridderkerk,2015,20.3,24.6
Ridderkerk,2016,20.2,25.5
Ridderkerk,2017,20.4,26.1
Ridderkerk,2018,20.6,26.4
Ridderkerk,2019,20.7,27.8
Ridderkerk,2020,20.7,28.8
Ridderkerk,2021,20.9,29.9
Rijssen-Holten,2012,13.6,23.2
Rijssen-Holten,2013,13.7,23.4
Rijssen-Holten,2014,13.6,24.2
Rijssen-Holten,2015,13.8,24.5
Rijssen-Holten,2016,13.9,25.4
Rijssen-Holten,2017,14.0,26.0
Rijssen-Holten,2018,14.1,26.7
Rijssen-Holten,2019,14.3,28.1
Rijssen-Holten,2020,14.3,29.3
Rijssen-Holten,2021,14.4,30.7
Rijswijk,2012,23.7,23.9
Rijswijk,2013,23.9,23.9
Rijswijk,2014,23.8,24.5
Rijswijk,2015,24.2,24.7
Rijswijk,2016,24.7,25.4
Rijswijk,2017,25.3,25.9
Rijswijk,2018,25.5,26.6
Rijswijk,2019,25.9,28.0
Rijswijk,2020,26.2,29.1
Rijswijk,2021,26.6,30.2
Roerdalen,2012,9.1,24.2
Roerdalen,2013,9.1,24.5
Roerdalen,2014,9.1,25.2
Roerdalen,2015,9.1,25.6
Roerdalen,2016,9.1,26.4
Roerdalen,2017,9.2,26.8
Roerdalen,2018,9.2,27.0
Roerdalen,2019,9.3,28.3
Roerdalen,2020,9.3,29.5
Roerdalen,2021,9.4,30.7
Roermond,2012,26.0,21.7
Roermond,2013,26.4,21.8
Roermond,2014,26.5,22.4
Roermond,2015,26.8,22.7
Roermond,2016,27.0,23.5
Roermond,2017,27.3,24.2
Roermond,2018,27.5,24.6
Roermond,2019,27.8,25.8
Roermond,2020,27.8,26.8
Roermond,2021,28.1,28.0
De Ronde Venen,2012,17.6,27.3
De Ronde Venen,2013,17.7,27.5
De Ronde Venen,2014,17.8,28.2
De Ronde Venen,2015,17.8,28.7
De Ronde Venen,2016,17.9,29.7
De Ronde Venen,2017,18.1,30.5
De Ronde Venen,2018,18.5,30.9
De Ronde Venen,2019,18.8,32.4
De Ronde Venen,2020,19.0,33.4
De Ronde Venen,2021,19.2,34.8
Roosendaal,2012,33.8,23.3
Roosendaal,2013,33.8,23.5
Roosendaal,2014,33.7,24.1
Roosendaal,2015,33.9,24.5
Roosendaal,2016,34.1,25.1
Roosendaal,2017,34.3,25.7
Roosendaal,2018,34.5,26.1
Roosendaal,2019,34.8,27.4
Roosendaal,2020,35.0,28.3
Roosendaal,2021,35.3,29.6
Rotterdam,2012,305.0,19.4
Rotterdam,2013,305.3,19.4
Rotterdam,2014,304.1,19.9
Rotterdam,2015,307.8,20.2
Rotterdam,2016,310.7,20.9
Rotterdam,2017,313.2,21.5
Rotterdam,2018,315.4,22.1
Rotterdam,2019,318.0,23.4
Rotterdam,2020,321.0,24.4
Rotterdam,2021,322.2,25.6
Rucphen,2012,9.3,23.6
Rucphen,2013,9.4,23.7
Rucphen,2014,9.4,24.4
Rucphen,2015,9.5,24.6
Rucphen,2016,9.5,25.5
Rucphen,2017,9.6,26.0
Rucphen,2018,9.6,26.5
Rucphen,2019,9.7,27.7
Rucphen,2020,9.9,28.8
Rucphen,2021,10.0,30.1
Schagen,2012,19.6,24.6
Schagen,2013,19.6,24.8
Schagen,2014,19.7,25.5
Schagen,2015,19.9,26.0
Schagen,2016,19.9,26.9
Schagen,2017,20.0,27.5
Schagen,2018,20.2,27.9
Schagen,2019,20.4,29.2
Schagen,2020,20.5,30.3
Schagen,2021,20.5,31.6
Scherpenzeel,2012,3.6,25.2
Scherpenzeel,2013,3.6,25.4
Scherpenzeel,2014,3.6,25.9
Scherpenzeel,2015,3.7,26.5
Scherpenzeel,2016,3.7,27.7
Scherpenzeel,2017,3.8,28.0
Scherpenzeel,2018,3.9,28.9
Scherpenzeel,2019,3.9,30.4
Scherpenzeel,2020,4.0,31.3
Scherpenzeel,2021,4.1,32.6
Schiedam,2012,35.3,21.4
Schiedam,2013,35.3,21.5
Schiedam,2014,35.3,22.0
Schiedam,2015,35.7,22.2
Schiedam,2016,35.9,23.1
Schiedam,2017,36.3,23.7
Schiedam,2018,36.5,24.3
Schiedam,2019,36.5,25.7
Schiedam,2020,36.9,26.8
Schiedam,2021,37.2,28.1
Schouwen-Duiveland,2012,15.1,24.1
Schouwen-Duiveland,2013,15.1,24.4
Schouwen-Duiveland,2014,15.2,25.0
Schouwen-Duiveland,2015,15.3,25.3
Schouwen-Duiveland,2016,15.2,26.2
Schouwen-Duiveland,2017,15.3,26.8
Schouwen-Duiveland,2018,15.2,27.3
Schouwen-Duiveland,2019,15.4,28.6
Schouwen-Duiveland,2020,15.5,29.5
Schouwen-Duiveland,2021,15.7,30.9
Simpelveld,2012,4.8,23.3
Simpelveld,2013,4.8,23.3
Simpelveld,2014,4.9,24.0
Simpelveld,2015,4.9,24.4
Simpelveld,2016,4.9,25.1
Simpelveld,2017,4.9,25.6
Simpelveld,2018,4.9,26.0
Simpelveld,2019,4.9,27.0
Simpelveld,2020,4.9,28.0
Simpelveld,2021,4.9,29.1
Sint-Michielsgestel,2012,11.1,26.1
Sint-Michielsgestel,2013,11.1,26.3
Sint-Michielsgestel,2014,11.3,27.2
Sint-Michielsgestel,2015,11.5,27.6
Sint-Michielsgestel,2016,11.5,28.8
Sint-Michielsgestel,2017,11.6,29.6
Sint-Michielsgestel,2018,11.7,30.0
Sint-Michielsgestel,2019,11.9,31.6
Sint-Michielsgestel,2020,12.0,32.8
Sint-Michielsgestel,2021,12.1,34.3
Sittard-Geleen,2012,43.7,22.1
Sittard-Geleen,2013,43.9,22.3
Sittard-Geleen,2014,43.9,22.9
Sittard-Geleen,2015,44.3,23.2
Sittard-Geleen,2016,44.4,24.0
Sittard-Geleen,2017,44.7,24.6
Sittard-Geleen,2018,44.7,25.0
Sittard-Geleen,2019,45.0,26.0
Sittard-Geleen,2020,44.9,27.1
Sittard-Geleen,2021,44.8,28.1
Sliedrecht,2012,9.9,23.3
Sliedrecht,2013,10.0,23.3
Sliedrecht,2014,10.1,24.0
Sliedrecht,2015,10.2,24.4
Sliedrecht,2016,10.2,25.1
Sliedrecht,2017,10.3,25.7
Sliedrecht,2018,10.3,26.2
Sliedrecht,2019,10.3,27.6
Sliedrecht,2020,10.4,28.7
Sliedrecht,2021,10.6,29.9
Sluis,2012,11.2,23.6
Sluis,2013,11.2,23.7
Sluis,2014,11.1,24.5
Sluis,2015,11.2,24.6
Sluis,2016,11.2,25.4
Sluis,2017,11.2,25.6
Sluis,2018,11.2,26.0
Sluis,2019,11.2,27.1
Sluis,2020,11.2,28.1
Sluis,2021,11.2,29.3
Smallingerland,2012,24.1,21.5
Smallingerland,2013,24.2,21.6
Smallingerland,2014,24.1,22.4
Smallingerland,2015,24.2,22.8
Smallingerland,2016,24.2,23.8
Smallingerland,2017,24.5,24.3
Smallingerland,2018,24.7,24.7
Smallingerland,2019,24.9,25.9
Smallingerland,2020,25.0,27.0
Smallingerland,2021,25.0,28.0
Soest,2012,19.8,25.7
Soest,2013,19.8,26.1
Soest,2014,19.9,26.8
Soest,2015,19.9,27.3
Soest,2016,19.9,28.2
Soest,2017,20.1,28.9
Soest,2018,20.1,29.3
Soest,2019,20.3,30.6
Soest,2020,20.5,31.8
Soest,2021,20.7,33.4
Someren,2012,7.5,23.9
Someren,2013,7.6,24.1
Someren,2014,7.6,25.0
Someren,2015,7.6,25.4
Someren,2016,7.8,26.4
Someren,2017,7.9,27.1
Someren,2018,8.0,27.5
Someren,2019,8.1,28.9
Someren,2020,8.2,30.2
Someren,2021,8.2,31.4
Son en Breugel,2012,6.5,27.5
Son en Breugel,2013,6.7,27.7
Son en Breugel,2014,6.7,28.6
Son en Breugel,2015,6.8,29.2
Son en Breugel,2016,6.8,30.1
Son en Breugel,2017,6.9,30.8
Son en Breugel,2018,7.0,31.3
Son en Breugel,2019,7.1,32.6
Son en Breugel,2020,7.2,33.7
Son en Breugel,2021,7.3,35.2
Stadskanaal,2012,14.4,20.3
Stadskanaal,2013,14.5,20.5
Stadskanaal,2014,14.5,21.1
Stadskanaal,2015,14.5,21.4
Stadskanaal,2016,14.4,22.1
Stadskanaal,2017,14.5,22.6
Stadskanaal,2018,14.5,23.0
Stadskanaal,2019,14.6,24.0
Stadskanaal,2020,14.6,25.0
Stadskanaal,2021,14.6,26.1
Staphorst,2012,5.3,23.9
Staphorst,2013,5.4,24.1
Staphorst,2014,5.5,24.5
Staphorst,2015,5.5,25.1
Staphorst,2016,5.6,26.3
Staphorst,2017,5.7,26.9
Staphorst,2018,5.8,27.5
Staphorst,2019,5.9,28.7
Staphorst,2020,6.0,29.8
Staphorst,2021,6.0,31.3
Stede Broec,2012,8.8,23.7
Stede Broec,2013,8.8,23.8
Stede Broec,2014,8.9,24.4
Stede Broec,2015,8.9,24.9
Stede Broec,2016,9.0,25.9
Stede Broec,2017,9.0,26.3
Stede Broec,2018,9.0,26.8
Stede Broec,2019,9.1,28.1
Stede Broec,2020,9.1,29.3
Stede Broec,2021,9.2,30.3
Steenbergen,2012,9.8,24.1
Steenbergen,2013,9.9,24.2
Steenbergen,2014,10.0,24.8
Steenbergen,2015,10.2,25.0
Steenbergen,2016,10.3,25.8
Steenbergen,2017,10.1,26.9
Steenbergen,2018,11.1,25.9
Steenbergen,2019,11.4,26.9
Steenbergen,2020,10.9,28.9
Steenbergen,2021,10.9,30.4
Steenwijkerland,2012,18.5,22.4
Steenwijkerland,2013,18.6,22.5
Steenwijkerland,2014,18.6,23.3
Steenwijkerland,2015,18.6,23.6
Steenwijkerland,2016,18.6,24.6
Steenwijkerland,2017,18.8,25.2
Steenwijkerland,2018,19.0,25.6
Steenwijkerland,2019,19.2,26.9
Steenwijkerland,2020,19.3,28.1
Steenwijkerland,2021,19.5,29.4
Stein,2012,11.2,23.8
Stein,2013,11.2,24.0
Stein,2014,11.3,24.6
Stein,2015,11.2,25.0
Stein,2016,11.3,25.8
Stein,2017,11.4,26.3
Stein,2018,11.4,26.6
Stein,2019,11.5,27.8
Stein,2020,11.6,28.9
Stein,2021,11.5,30.0
Terneuzen,2012,24.7,23.3
Terneuzen,2013,24.8,23.6
Terneuzen,2014,24.9,24.3
Terneuzen,2015,24.9,24.5
Terneuzen,2016,25.1,25.2
Terneuzen,2017,25.2,25.7
Terneuzen,2018,25.2,26.2
Terneuzen,2019,25.4,27.5
Terneuzen,2020,25.5,28.5
Terneuzen,2021,25.6,29.6
Terschelling,2012,2.2,24.1
Terschelling,2013,2.2,24.3
Terschelling,2014,2.4,23.4
Terschelling,2015,2.5,23.4
Terschelling,2016,2.6,24.2
Terschelling,2017,2.6,24.7
Terschelling,2018,2.4,26.1
Terschelling,2019,2.4,27.1
Terschelling,2020,2.5,27.8
Terschelling,2021,2.5,29.1
Texel,2012,6.1,23.5
Texel,2013,6.1,23.6
Texel,2014,6.1,24.5
Texel,2015,6.2,24.6
Texel,2016,6.2,25.6
Texel,2017,6.2,26.5
Texel,2018,6.3,26.8
Texel,2019,6.3,27.9
Texel,2020,6.4,28.8
Texel,2021,6.5,29.9
Teylingen,2012,14.3,26.8
Teylingen,2013,14.5,26.9
Teylingen,2014,14.5,27.7
Teylingen,2015,14.6,28.3
Teylingen,2016,14.9,29.4
Teylingen,2017,15.0,30.1
Teylingen,2018,15.3,30.4
Teylingen,2019,15.6,31.9
Teylingen,2020,15.8,33.2
Teylingen,2021,16.1,34.5
Tholen,2012,10.1,23.0
Tholen,2013,10.1,23.1
Tholen,2014,10.1,23.8
Tholen,2015,10.2,24.2
Tholen,2016,10.2,24.9
Tholen,2017,10.3,25.7
Tholen,2018,10.3,26.1
Tholen,2019,10.4,27.4
Tholen,2020,10.5,28.5
Tholen,2021,10.6,30.0
Tiel,2012,17.5,22.5
Tiel,2013,17.7,22.7
Tiel,2014,17.5,23.4
Tiel,2015,17.5,23.8
Tiel,2016,17.6,24.7
Tiel,2017,17.7,25.2
Tiel,2018,17.9,25.7
Tiel,2019,18.4,26.6
Tiel,2020,18.5,27.7
Tiel,2021,18.6,29.0
Tilburg,2012,99.4,20.9
Tilburg,2013,100.0,21.0
Tilburg,2014,101.0,21.5
Tilburg,2015,102.4,21.8
Tilburg,2016,103.0,22.7
Tilburg,2017,103.6,23.3
Tilburg,2018,104.6,23.8
Tilburg,2019,105.7,25.0
Tilburg,2020,106.8,26.2
Tilburg,2021,107.8,27.4
Tubbergen,2012,7.7,24.4
Tubbergen,2013,7.8,24.8
Tubbergen,2014,7.8,25.4
Tubbergen,2015,7.8,25.9
Tubbergen,2016,7.9,27.2
Tubbergen,2017,7.9,28.1
Tubbergen,2018,8.0,28.6
Tubbergen,2019,8.1,29.9
Tubbergen,2020,8.1,31.1
Tubbergen,2021,8.2,32.6
Twenterand,2012,12.7,22.2
Twenterand,2013,12.8,22.2
Twenterand,2014,12.9,22.8
Twenterand,2015,12.9,23.2
Twenterand,2016,13.0,24.2
Twenterand,2017,13.0,24.9
Twenterand,2018,13.1,25.4
Twenterand,2019,13.1,26.7
Twenterand,2020,13.2,27.8
Twenterand,2021,13.2,29.0
Tynaarlo,2012,13.6,25.8
Tynaarlo,2013,13.7,26.1
Tynaarlo,2014,13.6,27.1
Tynaarlo,2015,13.6,27.6
Tynaarlo,2016,13.7,28.6
Tynaarlo,2017,14.0,29.2
Tynaarlo,2018,14.0,29.6
Tynaarlo,2019,14.2,31.0
Tynaarlo,2020,14.3,32.3
Tynaarlo,2021,14.4,33.8
Tytsjerksteradiel,2012,13.1,23.2
Tytsjerksteradiel,2013,13.1,23.5
Tytsjerksteradiel,2014,13.1,24.0
Tytsjerksteradiel,2015,13.2,24.5
Tytsjerksteradiel,2016,13.2,25.5
Tytsjerksteradiel,2017,13.3,26.2
Tytsjerksteradiel,2018,13.3,26.6
Tytsjerksteradiel,2019,13.4,27.7
Tytsjerksteradiel,2020,13.6,28.8
Tytsjerksteradiel,2021,13.6,30.0
Uitgeest,2012,5.2,26.6
Uitgeest,2013,5.3,27.0
Uitgeest,2014,5.5,27.8
Uitgeest,2015,5.5,28.4
Uitgeest,2016,5.5,29.5
Uitgeest,2017,5.6,30.0
Uitgeest,2018,5.6,30.6
Uitgeest,2019,5.6,32.0
Uitgeest,2020,5.7,33.3
Uitgeest,2021,5.7,34.6
Uithoorn,2012,12.2,25.5
Uithoorn,2013,12.2,25.8
Uithoorn,2014,12.2,26.6
Uithoorn,2015,12.4,26.8
Uithoorn,2016,12.7,27.8
Uithoorn,2017,12.7,28.4
Uithoorn,2018,12.7,28.9
Uithoorn,2019,12.7,30.2
Uithoorn,2020,12.7,31.5
Uithoorn,2021,13.0,32.9
Urk,2012,5.5,22.4
Urk,2013,5.6,22.5
Urk,2014,5.8,23.5
Urk,2015,5.8,24.4
Urk,2016,5.9,25.8
Urk,2017,6.0,26.7
Urk,2018,6.1,26.9
Urk,2019,6.2,28.0
Urk,2020,6.3,29.4
Urk,2021,6.4,30.6
Utrecht,2012,161.3,21.4
Utrecht,2013,163.5,21.6
Utrecht,2014,165.9,22.3
Utrecht,2015,169.0,22.8
Utrecht,2016,170.9,23.8
Utrecht,2017,172.2,24.5
Utrecht,2018,173.8,25.4
Utrecht,2019,175.9,26.9
Utrecht,2020,177.3,28.4
Utrecht,2021,178.2,30.0
Utrechtse Heuvelrug,2012,20.7,26.8
Utrechtse Heuvelrug,2013,20.8,26.8
Utrechtse Heuvelrug,2014,20.6,27.9
Utrechtse Heuvelrug,2015,20.9,28.2
Utrechtse Heuvelrug,2016,21.0,29.1
Utrechtse Heuvelrug,2017,21.2,29.9
Utrechtse Heuvelrug,2018,21.2,30.4
Utrechtse Heuvelrug,2019,21.4,31.8
Utrechtse Heuvelrug,2020,21.4,32.9
Utrechtse Heuvelrug,2021,21.5,34.4
Vaals,2012,4.7,20.4
Vaals,2013,4.7,20.6
Vaals,2014,4.7,21.1
Vaals,2015,4.7,21.5
Vaals,2016,4.7,22.1
Vaals,2017,4.7,22.4
Vaals,2018,4.8,22.7
Vaals,2019,4.8,23.9
Vaals,2020,4.8,24.6
Vaals,2021,4.9,25.3
Valkenburg aan de Geul,2012,7.7,23.2
Valkenburg aan de Geul,2013,7.7,23.5
Valkenburg aan de Geul,2014,7.6,24.2
Valkenburg aan de Geul,2015,7.7,24.5
Valkenburg aan de Geul,2016,7.7,25.3
Valkenburg aan de Geul,2017,7.8,25.9
Valkenburg aan de Geul,2018,7.8,26.4
Valkenburg aan de Geul,2019,7.9,27.5
Valkenburg aan de Geul,2020,7.9,28.5
Valkenburg aan de Geul,2021,7.9,29.9
Valkenswaard,2012,13.7,23.7
Valkenswaard,2013,13.8,23.9
Valkenswaard,2014,13.7,24.7
Valkenswaard,2015,13.7,25.0
Valkenswaard,2016,13.8,25.9
Valkenswaard,2017,14.0,26.2
Valkenswaard,2018,14.1,26.8
Valkenswaard,2019,14.3,28.1
Valkenswaard,2020,14.4,29.3
Valkenswaard,2021,14.5,30.5
Veendam,2012,12.3,21.2
Veendam,2013,12.3,21.3
Veendam,2014,12.2,22.0
Veendam,2015,12.4,22.2
Veendam,2016,12.3,23.1
Veendam,2017,12.4,23.6
Veendam,2018,12.5,24.0
Veendam,2019,12.6,25.1
Veendam,2020,12.6,26.1
Veendam,2021,12.6,27.3
Veenendaal,2012,25.5,23.3
Veenendaal,2013,25.8,23.4
Veenendaal,2014,25.8,24.2
Veenendaal,2015,26.0,24.5
Veenendaal,2016,26.3,25.5
Veenendaal,2017,26.7,26.1
Veenendaal,2018,27.2,26.5
Veenendaal,2019,27.5,27.8
Veenendaal,2020,28.0,29.2
Veenendaal,2021,28.1,30.4
Veere,2012,9.1,25.6
Veere,2013,9.2,25.8
Veere,2014,9.3,26.5
Veere,2015,9.3,27.0
Veere,2016,9.3,28.0
Veere,2017,9.3,28.5
Veere,2018,9.3,29.0
Veere,2019,9.4,30.3
Veere,2020,9.4,31.4
Veere,2021,9.5,32.7
Veldhoven,2012,18.8,25.4
Veldhoven,2013,19.0,25.6
Veldhoven,2014,19.0,26.4
Veldhoven,2015,19.2,26.7
Veldhoven,2016,19.3,27.8
Veldhoven,2017,19.5,28.6
Veldhoven,2018,19.5,29.1
Veldhoven,2019,19.8,30.3
Veldhoven,2020,19.9,31.4
Veldhoven,2021,20.1,32.8
Velsen,2012,29.5,24.3
Velsen,2013,29.7,24.4
Velsen,2014,30.0,25.0
Velsen,2015,30.1,25.5
Velsen,2016,30.2,26.5
Velsen,2017,30.2,27.1
Velsen,2018,30.3,27.5
Velsen,2019,30.8,28.7
Velsen,2020,30.9,29.9
Velsen,2021,31.1,30.9
Venlo,2012,45.0,21.7
Venlo,2013,45.4,21.8
Venlo,2014,45.4,22.4
Venlo,2015,45.6,22.7
Venlo,2016,46.0,23.6
Venlo,2017,46.6,24.1
Venlo,2018,46.8,24.5
Venlo,2019,47.0,25.7
Venlo,2020,47.4,26.6
Venlo,2021,47.7,27.8
Venray,2012,17.8,23.6
Venray,2013,17.9,23.8
Venray,2014,18.0,24.4
Venray,2015,18.2,24.8
Venray,2016,18.3,25.9
Venray,2017,18.5,26.5
Venray,2018,18.6,26.9
Venray,2019,18.7,28.2
Venray,2020,19.0,29.3
Venray,2021,19.1,30.5
Vlaardingen,2012,33.3,22.0
Vlaardingen,2013,33.2,22.1
Vlaardingen,2014,33.4,22.6
Vlaardingen,2015,33.8,22.9
Vlaardingen,2016,33.9,23.6
Vlaardingen,2017,33.9,24.2
Vlaardingen,2018,33.9,24.8
Vlaardingen,2019,34.0,26.0
Vlaardingen,2020,34.5,27.0
Vlaardingen,2021,34.7,28.2
Vlieland,2012,0.5,21.6
Vlieland,2013,0.6,21.8
Vlieland,2014,0.6,21.8
Vlieland,2015,0.6,22.2
Vlieland,2016,0.6,23.0
Vlieland,2017,0.6,23.6
Vlieland,2018,0.6,22.7
Vlieland,2019,0.6,23.9
Vlieland,2020,0.6,24.9
Vlieland,2021,0.7,26.0
Vlissingen,2012,21.4,22.0
Vlissingen,2013,21.6,22.0
Vlissingen,2014,21.7,22.5
Vlissingen,2015,21.8,22.9
Vlissingen,2016,21.8,23.6
Vlissingen,2017,21.9,24.1
Vlissingen,2018,22.0,24.3
Vlissingen,2019,22.2,25.4
Vlissingen,2020,22.0,26.5
Vlissingen,2021,22.2,27.7
Voerendaal,2012,5.5,25.1
Voerendaal,2013,5.5,25.4
Voerendaal,2014,5.5,26.0
Voerendaal,2015,5.5,26.7
Voerendaal,2016,5.6,27.4
Voerendaal,2017,5.5,28.0
Voerendaal,2018,5.6,28.2
Voerendaal,2019,5.6,29.5
Voerendaal,2020,5.6,30.7
Voerendaal,2021,5.6,31.8
Voorschoten,2012,10.4,28.3
Voorschoten,2013,10.6,28.2
Voorschoten,2014,10.7,29.3
Voorschoten,2015,10.8,29.6
Voorschoten,2016,10.8,30.5
Voorschoten,2017,10.9,31.0
Voorschoten,2018,11.0,31.2
Voorschoten,2019,11.1,32.7
Voorschoten,2020,11.1,34.1
Voorschoten,2021,11.1,35.5
Voorst,2012,9.4,25.0
Voorst,2013,9.5,25.2
Voorst,2014,9.6,25.8
Voorst,2015,9.7,26.2
Voorst,2016,9.8,27.2
Voorst,2017,9.9,27.9
Voorst,2018,9.9,28.4
Voorst,2019,10.0,29.8
Voorst,2020,10.1,30.8
Voorst,2021,10.2,32.1
Vught,2012,12.5,26.1
Vught,2013,12.6,26.1
Vught,2014,12.5,27.1
Vught,2015,12.7,27.6
Vught,2016,12.8,28.8
Vught,2017,13.1,29.3
Vught,2018,13.1,29.9
Vught,2019,13.2,31.3
Vught,2020,13.3,32.8
Vught,2021,13.4,34.6
Waalre,2012,7.0,28.2
Waalre,2013,7.1,28.4
Waalre,2014,7.2,29.2
Waalre,2015,7.3,29.6
Waalre,2016,7.3,30.7
Waalre,2017,7.3,31.5
Waalre,2018,7.4,32.0
Waalre,2019,7.5,33.5
Waalre,2020,7.6,34.6
Waalre,2021,7.6,36.0
Waalwijk,2012,20.0,23.3
Waalwijk,2013,20.1,23.4
Waalwijk,2014,20.1,24.1
Waalwijk,2015,20.3,24.4
Waalwijk,2016,20.6,25.3
Waalwijk,2017,21.0,25.8
Waalwijk,2018,21.2,26.2
Waalwijk,2019,21.5,27.6
Waalwijk,2020,21.7,28.6
Waalwijk,2021,21.9,29.9
Waddinxveen,2012,10.4,24.8
Waddinxveen,2013,10.5,24.9
Waddinxveen,2014,10.5,25.7
Waddinxveen,2015,10.7,25.9
Waddinxveen,2016,10.9,27.2
Waddinxveen,2017,11.1,27.8
Waddinxveen,2018,11.6,28.4
Waddinxveen,2019,11.8,29.9
Waddinxveen,2020,12.1,31.2
Waddinxveen,2021,12.7,32.5
Wageningen,2012,18.2,20.0
Wageningen,2013,18.5,19.9
Wageningen,2014,19.1,19.9
Wageningen,2015,19.5,19.8
Wageningen,2016,19.5,20.4
Wageningen,2017,19.8,20.5
Wageningen,2018,19.9,21.1
Wageningen,2019,20.2,21.9
Wageningen,2020,20.5,22.9
Wageningen,2021,20.7,23.7
Wassenaar,2012,11.1,28.7
Wassenaar,2013,11.1,28.7
Wassenaar,2014,11.1,30.0
Wassenaar,2015,11.2,30.4
Wassenaar,2016,11.2,31.1
Wassenaar,2017,11.2,31.7
Wassenaar,2018,11.2,31.9
Wassenaar,2019,11.3,33.2
Wassenaar,2020,11.3,34.0
Wassenaar,2021,11.8,34.6
Waterland,2012,7.2,27.1
Waterland,2013,7.3,27.3
Waterland,2014,7.3,28.1
Waterland,2015,7.3,28.5
Waterland,2016,7.4,29.7
Waterland,2017,7.4,30.4
Waterland,2018,7.4,30.8
Waterland,2019,7.5,32.1
Waterland,2020,7.5,32.8
Waterland,2021,7.5,34.2
Weert,2012,21.1,23.5
Weert,2013,21.3,23.8
Weert,2014,21.5,24.5
Weert,2015,21.6,24.8
Weert,2016,21.8,25.7
Weert,2017,22.0,26.1
Weert,2018,22.1,26.6
Weert,2019,22.3,27.9
Weert,2020,22.6,28.9
Weert,2021,22.8,30.2
West Maas en Waal,2012,7.4,24.4
West Maas en Waal,2013,7.5,24.6
West Maas en Waal,2014,7.6,25.2
West Maas en Waal,2015,7.8,25.6
West Maas en Waal,2016,7.8,26.5
West Maas en Waal,2017,8.0,27.1
West Maas en Waal,2018,8.0,27.7
West Maas en Waal,2019,8.2,29.3
West Maas en Waal,2020,8.3,30.2
West Maas en Waal,2021,8.4,31.9
Westerveld,2012,8.2,24.1
Westerveld,2013,8.2,24.4
Westerveld,2014,8.2,25.1
Westerveld,2015,8.3,25.6
Westerveld,2016,8.2,26.5
Westerveld,2017,8.3,27.2
Westerveld,2018,8.5,27.6
Westerveld,2019,8.6,28.8
Westerveld,2020,8.7,30.0
Westerveld,2021,8.8,31.2
Westervoort,2012,6.4,23.1
Westervoort,2013,6.4,23.3
Westervoort,2014,6.5,24.0
Westervoort,2015,6.5,24.5
Westervoort,2016,6.5,25.3
Westervoort,2017,6.6,25.9
Westervoort,2018,6.7,26.4
Westervoort,2019,6.7,27.5
Westervoort,2020,6.7,28.8
Westervoort,2021,6.7,29.7
Westland,2012,41.5,25.1
Westland,2013,42.1,25.3
Westland,2014,42.6,26.0
Westland,2015,43.3,26.4
Westland,2016,43.6,27.5
Westland,2017,44.0,28.3
Westland,2018,45.0,28.7
Westland,2019,45.6,30.2
Westland,2020,46.2,31.3
Westland,2021,46.7,32.8
Weststellingwerf,2012,11.0,21.9
Weststellingwerf,2013,11.0,22.1
Weststellingwerf,2014,11.0,22.7
Weststellingwerf,2015,11.1,22.9
Weststellingwerf,2016,11.0,23.7
Weststellingwerf,2017,11.2,24.3
Weststellingwerf,2018,11.2,24.8
Weststellingwerf,2019,11.2,26.1
Weststellingwerf,2020,11.3,27.2
Weststellingwerf,2021,11.4,28.4
Wierden,2012,9.0,25.0
Wierden,2013,9.0,25.2
Wierden,2014,9.1,25.9
Wierden,2015,9.2,26.5
Wierden,2016,9.2,27.7
Wierden,2017,9.4,28.1
Wierden,2018,9.5,28.6
Wierden,2019,9.5,30.0
Wierden,2020,9.6,31.3
Wierden,2021,9.7,32.7
Wijchen,2012,16.8,24.2
Wijchen,2013,17.0,24.3
Wijchen,2014,17.1,25.2
Wijchen,2015,17.1,25.8
Wijchen,2016,17.2,26.9
Wijchen,2017,17.2,27.5
Wijchen,2018,17.4,27.9
Wijchen,2019,17.6,29.2
Wijchen,2020,17.7,30.4
Wijchen,2021,17.8,31.7
Wijdemeren,2012,9.8,27.2
Wijdemeren,2013,9.8,27.3
Wijdemeren,2014,9.9,28.2
Wijdemeren,2015,10.1,28.3
Wijdemeren,2016,10.2,29.4
Wijdemeren,2017,10.3,30.2
Wijdemeren,2018,10.3,30.7
Wijdemeren,2019,10.5,32.2
Wijdemeren,2020,10.6,33.3
Wijdemeren,2021,10.7,34.9
Wijk bij Duurstede,2012,9.3,26.1
Wijk bij Duurstede,2013,9.4,26.5
Wijk bij Duurstede,2014,9.5,27.1
Wijk bij Duurstede,2015,9.6,27.6
Wijk bij Duurstede,2016,9.8,28.7
Wijk bij Duurstede,2017,9.8,29.4
Wijk bij Duurstede,2018,9.9,30.1
Wijk bij Duurstede,2019,9.9,31.3
Wijk bij Duurstede,2020,10.1,32.4
Wijk bij Duurstede,2021,10.2,33.8
Winterswijk,2012,12.3,22.1
Winterswijk,2013,12.5,22.2
Winterswijk,2014,12.3,23.0
Winterswijk,2015,12.5,23.2
Winterswijk,2016,12.6,24.3
Winterswijk,2017,12.6,25.0
Winterswijk,2018,12.6,25.5
Winterswijk,2019,12.7,26.7
Winterswijk,2020,12.7,27.8
Winterswijk,2021,12.8,29.1
Woensdrecht,2012,9.1,24.5
Woensdrecht,2013,9.2,24.8
Woensdrecht,2014,9.3,25.4
Woensdrecht,2015,9.3,25.7
Woensdrecht,2016,9.3,26.5
Woensdrecht,2017,9.4,27.0
Woensdrecht,2018,9.5,27.3
Woensdrecht,2019,9.5,28.5
Woensdrecht,2020,9.6,29.6
Woensdrecht,2021,9.7,30.9
Woerden,2012,20.5,26.3
Woerden,2013,20.6,26.5
Woerden,2014,20.7,27.4
Woerden,2015,20.8,27.7
Woerden,2016,21.1,28.7
Woerden,2017,21.3,29.4
Woerden,2018,21.5,29.9
Woerden,2019,21.7,31.3
Woerden,2020,21.8,32.5
Woerden,2021,22.1,33.8
De Wolden,2012,9.6,24.5
De Wolden,2013,9.7,24.8
De Wolden,2014,9.6,25.7
De Wolden,2015,9.7,26.0
De Wolden,2016,9.8,27.1
De Wolden,2017,9.9,27.8
De Wolden,2018,10.0,28.2
De Wolden,2019,10.1,29.6
De Wolden,2020,10.2,30.8
De Wolden,2021,10.2,32.3
Wormerland,2012,6.7,25.3
Wormerland,2013,6.7,25.4
Wormerland,2014,6.8,26.2
Wormerland,2015,6.8,26.3
Wormerland,2016,6.8,27.4
Wormerland,2017,6.9,28.2
Wormerland,2018,7.0,28.5
Wormerland,2019,7.1,29.6
Wormerland,2020,7.1,30.8
Wormerland,2021,7.1,32.0
Woudenberg,2012,4.6,25.7
Woudenberg,2013,4.7,25.8
Woudenberg,2014,4.7,26.6
Woudenberg,2015,4.8,26.9
Woudenberg,2016,4.8,28.3
Woudenberg,2017,4.9,29.1
Woudenberg,2018,5.0,29.4
Woudenberg,2019,5.0,30.8
Woudenberg,2020,5.1,31.9
Woudenberg,2021,5.2,33.5
Zaanstad,2012,65.3,23.0
Zaanstad,2013,66.2,23.1
Zaanstad,2014,66.9,23.7
Zaanstad,2015,67.2,24.1
Zaanstad,2016,67.8,25.0
Zaanstad,2017,68.6,25.6
Zaanstad,2018,69.1,26.0
Zaanstad,2019,69.4,27.3
Zaanstad,2020,69.8,28.3
Zaanstad,2021,70.0,29.5
Zaltbommel,2012,10.2,24.6
Zaltbommel,2013,10.4,24.7
Zaltbommel,2014,10.5,25.3
Zaltbommel,2015,10.6,25.8
Zaltbommel,2016,10.8,26.8
Zaltbommel,2017,10.9,27.2
Zaltbommel,2018,11.1,27.7
Zaltbommel,2019,11.5,28.8
Zaltbommel,2020,11.8,29.8
Zaltbommel,2021,12.0,31.3
Zandvoort,2012,8.2,23.5
Zandvoort,2013,8.2,23.5
Zandvoort,2014,8.2,24.2
Zandvoort,2015,8.2,24.5
Zandvoort,2016,8.2,25.4
Zandvoort,2017,8.3,26.0
Zandvoort,2018,8.4,26.5
Zandvoort,2019,8.4,27.7
Zandvoort,2020,8.5,28.4
Zandvoort,2021,8.5,29.9
Zeewolde,2012,8.1,25.2
Zeewolde,2013,8.1,25.4
Zeewolde,2014,8.4,25.9
Zeewolde,2015,8.8,25.8
Zeewolde,2016,9.0,26.6
Zeewolde,2017,9.2,27.1
Zeewolde,2018,9.2,27.9
Zeewolde,2019,9.3,29.5
Zeewolde,2020,9.5,30.4
Zeewolde,2021,9.6,32.1
Zeist,2012,27.3,24.6
Zeist,2013,27.3,24.7
Zeist,2014,27.1,25.5
Zeist,2015,27.6,25.7
Zeist,2016,27.7,26.6
Zeist,2017,28.0,27.2
Zeist,2018,28.3,27.6
Zeist,2019,28.6,29.2
Zeist,2020,29.0,30.3
Zeist,2021,29.1,31.8
Zevenaar,2012,18.9,23.0
Zevenaar,2013,19.0,23.1
Zevenaar,2014,19.0,23.7
Zevenaar,2015,19.1,24.0
Zevenaar,2016,19.2,24.8
Zevenaar,2017,19.3,25.5
Zevenaar,2018,19.4,25.9
Zevenaar,2019,19.6,27.2
Zevenaar,2020,19.8,28.2
Zevenaar,2021,19.9,29.3
Zoetermeer,2012,53.1,24.6
Zoetermeer,2013,53.7,24.7
Zoetermeer,2014,54.0,25.4
Zoetermeer,2015,54.5,25.8
Zoetermeer,2016,54.9,26.7
Zoetermeer,2017,55.4,27.2
Zoetermeer,2018,55.5,27.6
Zoetermeer,2019,55.7,29.1
Zoetermeer,2020,55.8,30.4
Zoetermeer,2021,55.9,31.5
Zoeterwoude,2012,3.1,27.1
Zoeterwoude,2013,3.1,27.7
Zoeterwoude,2014,3.2,28.2
Zoeterwoude,2015,3.2,28.5
Zoeterwoude,2016,3.2,29.9
Zoeterwoude,2017,3.4,30.6
Zoeterwoude,2018,3.4,30.8
Zoeterwoude,2019,3.4,32.5
Zoeterwoude,2020,3.5,33.6
Zoeterwoude,2021,3.6,35.2
Zuidplas,2012,16.2,26.4
Zuidplas,2013,16.3,26.5
Zuidplas,2014,16.5,27.2
Zuidplas,2015,16.5,27.7
Zuidplas,2016,16.6,28.8
Zuidplas,2017,16.8,29.5
Zuidplas,2018,16.9,29.7
Zuidplas,2019,17.3,31.4
Zuidplas,2020,17.8,32.6
Zuidplas,2021,18.3,34.0
Zundert,2012,8.8,24.8
Zundert,2013,8.9,24.9
Zundert,2014,8.9,25.5
Zundert,2015,9.0,25.7
Zundert,2016,9.2,26.6
Zundert,2017,9.3,27.2
Zundert,2018,9.3,27.8
Zundert,2019,9.3,29.4
Zundert,2020,9.4,30.5
Zundert,2021,9.5,32.0
Zutphen,2012,21.0,22.5
Zutphen,2013,21.3,22.5
Zutphen,2014,21.2,23.1
Zutphen,2015,21.2,23.5
Zutphen,2016,21.4,24.3
Zutphen,2017,21.6,24.7
Zutphen,2018,21.8,25.2
Zutphen,2019,22.0,26.3
Zutphen,2020,22.0,27.6
Zutphen,2021,22.2,28.9
Zwartewaterland,2012,8.1,23.2
Zwartewaterland,2013,8.3,23.2
Zwartewaterland,2014,8.1,24.0
Zwartewaterland,2015,8.2,24.4
Zwartewaterland,2016,8.3,25.6
Zwartewaterland,2017,8.3,26.4
Zwartewaterland,2018,8.4,26.9
Zwartewaterland,2019,8.5,28.1
Zwartewaterland,2020,8.5,29.5
Zwartewaterland,2021,8.6,30.7
Zwijndrecht,2012,19.8,23.4
Zwijndrecht,2013,19.8,23.5
Zwijndrecht,2014,19.7,24.2
Zwijndrecht,2015,19.8,24.5
Zwijndrecht,2016,19.8,25.2
Zwijndrecht,2017,19.8,25.8
Zwijndrecht,2018,20.0,26.0
Zwijndrecht,2019,20.0,27.4
Zwijndrecht,2020,20.1,28.4
Zwijndrecht,2021,20.1,29.6
Zwolle,2012,55.2,22.6
Zwolle,2013,55.7,22.8
Zwolle,2014,55.8,23.6
Zwolle,2015,56.4,23.9
Zwolle,2016,57.2,24.9
Zwolle,2017,57.7,25.4
Zwolle,2018,58.3,25.8
Zwolle,2019,59.0,27.2
Zwolle,2020,59.8,28.4
Zwolle,2021,60.6,29.8
